UniqID,Genename,Sequence,Length
UQID_036_1,Adar,GAGCAGGGCCTTCTTTGGAC,20
UQID_036_2,Adar,AGCAAAGCAGATGGCCGCAG,20
UQID_036_3,Adar,AAGGGCACAAGGCTCCACAA,20
UQID_036_4,Adar,TTGCCGGCACTATGTCTCAA,20
UQID_036_5,Ago2,AACCTCTGACAGATTCCCAA,20
UQID_036_6,Ago2,AAGGTGGAGATAACGCACTG,20
UQID_036_7,Ago2,TGAGGCACTTACCATCCATG,20
UQID_036_8,Ago2,GCTGTTCCAACCCTCTGGGT,20
UQID_036_9,Ahsa1,TGTCAGGCTCATCTTTGGCA,20
UQID_036_10,Ahsa1,TAAGTGAGCTGATGGCCAAG,20
UQID_036_11,Ahsa1,AAATGAAGAGGGCAAGTGCG,20
UQID_036_12,Ahsa1,AAGTCAGGAGTGCAGTACAA,20
UQID_036_13,Anapc15,CACAGTGTCTCAGTCACACG,20
UQID_036_14,Anapc15,ACAGTGTCTCAGTCACACGA,20
UQID_036_15,Anapc15,GAAGAGTGACGGGAACAAGG,20
UQID_036_16,Anapc15,GTCACACGAGGGAAGAGTGA,20
UQID_036_17,Arf6,TCCACGTTGAAGCCCACCGT,20
UQID_036_18,Arf6,GGTGGGCTTCAACGTGGAGA,20
UQID_036_19,Arf6,TAATGCGGTGCAGCTCCTGG,20
UQID_036_20,Arf6,AATGCGGTGCAGCTCCTGGC,20
UQID_036_21,Atg10,CATTCACAGCAGATAGGCGA,20
UQID_036_22,Atg10,AGGGAGACATGTGAGCACAC,20
UQID_036_23,Atg10,GGTAAATTCAGACCAACCAC,20
UQID_036_24,Atg10,TATAAGCCGAGGCTGCTCCA,20
UQID_036_25,Atg101,AGTGAAACTTGCCCGTGCTG,20
UQID_036_26,Atg101,GGTAGGGCTGCACGTCCCGC,20
UQID_036_27,Atg101,AGTGCTGGAGGTGTCGGTGG,20
UQID_036_28,Atg101,GCTGGACCGTGCCTTGCGCA,20
UQID_036_29,Atg12,TCATCATACCAACTGTTCCG,20
UQID_036_30,Atg12,TAAAGTTGACATCCTGCTGA,20
UQID_036_31,Atg12,ATTACTGCAAATCCCAGGCA,20
UQID_036_32,Atg12,TCCGGGCGAAACTGCAGCCG,20
UQID_036_33,Atg14,AGAAACTGACACGCGCAGTG,20
UQID_036_34,Atg14,ACGAAGTGAAGACTTCTGGG,20
UQID_036_35,Atg14,TGTGCAACACCACTCGCCGG,20
UQID_036_36,Atg14,GCATTAGCATCACAGGCCCG,20
UQID_036_37,Atg3,TAGTCCACCACTGTCCAACA,20
UQID_036_38,Atg3,TTCAACACTCACCTCTTCTG,20
UQID_036_39,Atg3,AGTGGCCGAGTACCTGACCC,20
UQID_036_40,Atg3,TAACAGTTCCATGCTACAAG,20
UQID_036_41,Atg5,AGACCACAAGCAGCTCTGGA,20
UQID_036_42,Atg5,TGCTCGCTCAGCCACTGCAG,20
UQID_036_43,Atg5,GTGAGCCTCAACCGCATCCT,20
UQID_036_44,Atg5,AAGAGTCAGCTATTTGACGT,20
UQID_036_45,Atg7,GGTGTTGTGCAGGGTTCCCA,20
UQID_036_46,Atg7,TCAGGAGCAGAAACTTGTTG,20
UQID_036_47,Atg7,GAGGCACCCAAAGACATCAA,20
UQID_036_48,Atg7,GAGAGCATCCCTCTAATCCG,20
UQID_036_49,Atg9a,TGAAGAAGACAACCTCTCCG,20
UQID_036_50,Atg9a,ATGTGAAGCCATTCTTCTGG,20
UQID_036_51,Atg9a,TGGTGAAGGCAACCACAAAG,20
UQID_036_52,Atg9a,TATAGGAGGCCTCTAGGCGC,20
UQID_036_53,Atp13a1,GGTTGGCACCACCTTCACAA,20
UQID_036_54,Atp13a1,CAGCTGGACCCAGATACCCG,20
UQID_036_55,Atp13a1,TACCTGAAACACGAAGAAAG,20
UQID_036_56,Atp13a1,CCTTCCGGTGGCCTTCCCAG,20
UQID_036_57,BC003331,ACAGTCTAGAGACAGCCATG,20
UQID_036_58,BC003331,TATCCATAGCAACAGACCCA,20
UQID_036_59,BC003331,TTAAGAGTGGACTTACACGC,20
UQID_036_60,BC003331,AAGACTATGGGATGTCACAG,20
UQID_036_61,Bcl2l1,GCTCTGATACGCGGTCCCTG,20
UQID_036_62,Bcl2l1,TCATGCCCGTCAGGAACCAG,20
UQID_036_63,Bcl2l1,TGCGCGGGAGGTGATTCCCA,20
UQID_036_64,Bcl2l1,GCCAGGAGCGCTTCAACCGC,20
UQID_036_65,Becn1,GATCAGCCTCTCCTCCTCCA,20
UQID_036_66,Becn1,GGAAGAGGCTAACTCAGGAG,20
UQID_036_67,Becn1,GAATAGTAAGCACCTGGCTG,20
UQID_036_68,Becn1,TCAGAGGCTGGCTACAGCGC,20
UQID_036_69,Brat1,AGCATCCCAAGTGTGCGCAG,20
UQID_036_70,Brat1,CATGCAGGGACTCATCCACA,20
UQID_036_71,Brat1,GGACCCTGAAACTTCAGCAC,20
UQID_036_72,Brat1,CAAGGCGCAGAGCAAAGGAG,20
UQID_036_73,Cad,CGACCCGTCCTCCAACACCA,20
UQID_036_74,Cad,ATAGAGACCTCTGGTGCCAG,20
UQID_036_75,Cad,GCTGTCCCACACCCAGCCAC,20
UQID_036_76,Cad,TTTGTAGGAAGGGTCAGTGA,20
UQID_036_77,Cep55,AGAGACTCAAAGACCACCTA,20
UQID_036_78,Cep55,GCACCAAGAGGAGCAGGCCA,20
UQID_036_79,Cep55,GATGAAATCACCTCTGGGAA,20
UQID_036_80,Cep55,GAAGAGAGCAGTATCTTCAA,20
UQID_036_81,Cflar,TCTGTAGAGCAATTCAGCCA,20
UQID_036_82,Cflar,TGTCAAGAACATGTTCACGG,20
UQID_036_83,Cflar,ACAAGGGATTACACAGGCAG,20
UQID_036_84,Cflar,TGTCCATGAGTTCAACGTGG,20
UQID_036_85,Chic2,CAAGTACTCGCCCGACCCGG,20
UQID_036_86,Chic2,ATCTTCCTGTTAATGTGCGG,20
UQID_036_87,Chic2,TTTCGATGAAATCTACGAGG,20
UQID_036_88,Chic2,TGAAATCTACGAGGAGGAGG,20
UQID_036_89,Chmp5,TCACTAGTTCAGCATCCAGC,20
UQID_036_90,Chmp5,CTTGACGGACTGCATTGGGA,20
UQID_036_91,Chmp5,TCCGCTCCTGCAATTCCGGA,20
UQID_036_92,Chmp5,GGCCCAACAGTCCTTTAACA,20
UQID_036_93,Crebbp,ACGAGAGCAAGCAAATGGAG,20
UQID_036_94,Crebbp,ACAGGCAGGAGGCATGACCA,20
UQID_036_95,Crebbp,ATGAGGACTCTCAATGCCCT,20
UQID_036_96,Crebbp,CAACCCTTTAGTCAAACTGG,20
UQID_036_97,Dcp1a,GCCGGGCCTCACTCACCCAC,20
UQID_036_98,Dcp1a,CAGGAGAAGACTGATATAGA,20
UQID_036_99,Dcp1a,GGTTGACAATGGTAAAGCCA,20
UQID_036_100,Dcp1a,CAGAGTCCCAGCCAGGCCAA,20
UQID_036_101,Dicer1,GTGAGAAGTACTCTTCACAC,20
UQID_036_102,Dicer1,TGTGAGATTGTGGTAGACTG,20
UQID_036_103,Dicer1,AAAGAAAGGACCCATTGGTG,20
UQID_036_104,Dicer1,ACTCACTCGGATCTCAAGGT,20
UQID_036_105,Dnajc13,ACTACATAGGTATCTCCCTG,20
UQID_036_106,Dnajc13,GGGCTTACTCACTTCTCCCA,20
UQID_036_107,Dnajc13,GAGCGATGCAAAGAAACCTG,20
UQID_036_108,Dnajc13,CAGAACAGAGCTGCTTACGG,20
UQID_036_109,Emc2,ATGATTGCAGCCCTAGACTA,20
UQID_036_110,Emc2,TAACAGGTCAAATACACCCA,20
UQID_036_111,Emc2,TGGTCGGGATGACTTGGCAT,20
UQID_036_112,Emc2,GGGTTCTAGGAAGATGGCGA,20
UQID_036_113,Emc3,CTCCCAATGATTCTTATCGG,20
UQID_036_114,Emc3,TTCAAGCCTATGCTTCAGCA,20
UQID_036_115,Emc3,CGATGGGCAGGACCACCCAG,20
UQID_036_116,Emc3,TAATTCGAAGCAGAGTCCTC,20
UQID_036_117,Emc4,GCGCTGCTGGGACATCGCCT,20
UQID_036_118,Emc4,ATTGAGCTGAGTGGGCCGGG,20
UQID_036_119,Emc4,ATGTGTAGGCAACAGTCCCA,20
UQID_036_120,Emc4,AGAGACCGACCGGATCCTGG,20
UQID_036_121,Emc6,GGTGAGGCCGAGGATGCCGG,20
UQID_036_122,Emc6,CCGGCAGTAATCCAGGACCG,20
UQID_036_123,Emc6,AGCCGTGCGAGGCAACGCCG,20
UQID_036_124,Emc6,TTCCCGCTTGGCCACCACCG,20
UQID_036_125,Emc8,GACAACAGCTATGTGATCGC,20
UQID_036_126,Emc8,GGACAATGCCAAGTTCACGA,20
UQID_036_127,Emc8,GTTCCTCTCAGATTGACTCG,20
UQID_036_128,Emc8,GAGGATCTCAGCTTCACTCC,20
UQID_036_129,F8a,CATGCGTGTAAATAGCGCCA,20
UQID_036_130,F8a,GGAAGCGCTGGCCCTCACAG,20
UQID_036_131,F8a,GAGGAAGCCGAACGTGGCCG,20
UQID_036_132,F8a,GAGGAGGTGGTTCTGCTCAG,20
UQID_036_133,Fam58b,ATGGTAAATGGTGCAAGCGG,20
UQID_036_134,Fam58b,ACTGGCTGAATCGTTACAGC,20
UQID_036_135,Fam58b,AATGGTGCAAGCGGTGGCGA,20
UQID_036_136,Fam58b,TCGGAAGTGCACCCTCGCCT,20
UQID_036_137,Fitm2,GATGAAGGTCAGGAAACCCA,20
UQID_036_138,Fitm2,GAAACCCAGGGCGACAACCA,20
UQID_036_139,Fitm2,ATGGCGGCCACCAGCGCCCA,20
UQID_036_140,Fitm2,TCGCCCTCACCAGCGTCCCG,20
UQID_036_141,Gale,GAGGCCAGCAAAGTGGATGA,20
UQID_036_142,Gale,AAAGGTGCTGGTCACAGGTG,20
UQID_036_143,Gale,GAAGAACTTGGACTTGCCGT,20
UQID_036_144,Gale,AGGTTGTTGGGAATACCCTG,20
UQID_036_145,Gls,GATGTACATACTCAGTTCCC,20
UQID_036_146,Gls,GATTGCGAACATCTGATCCC,20
UQID_036_147,Gls,ATTGCTCCAGCATTTACCAT,20
UQID_036_148,Gls,TCTGTACTGTAGATGGGCAA,20
UQID_036_149,Gpaa1,ACAGGGTACAGTAAGCACCA,20
UQID_036_150,Gpaa1,TAAGTGCGCTGGGTTAACGG,20
UQID_036_151,Gpaa1,TTGGCCCAGTAAATCTGCCC,20
UQID_036_152,Gpaa1,CGGGTCCGACAGGAGACCCA,20
UQID_036_153,Hdac1,TAAAGGGAGTTCTCACCCGT,20
UQID_036_154,Hdac1,CTTACCGACAGAGCCTCCCG,20
UQID_036_155,Hdac1,TACTGGAGATGCGTTTGTCA,20
UQID_036_156,Hdac1,TTACGTCAATGACATCGTCC,20
UQID_036_157,Hexim1,GAAGTGCCTCTCCCGCAAGG,20
UQID_036_158,Hexim1,ACGGCAGCGAGTTTCTGCAG,20
UQID_036_159,Hexim1,AAGCAGGAGGCTCCTGCCGC,20
UQID_036_160,Hexim1,TCGAGCCGAGATGTTCGCCA,20
UQID_036_161,Hira,TACCGCCTGAGTGACTCCGG,20
UQID_036_162,Hira,TATGTCTCCAGTCCTCCAGG,20
UQID_036_163,Hira,CATGTGTGAACTGTGTGCGG,20
UQID_036_164,Hira,GAAGCTCTTGAAGCCAACCT,20
UQID_036_165,Hspa13,TGAGCCTACAGCAGCAGCGA,20
UQID_036_166,Hspa13,CATCGGGAAGATCTTCACCC,20
UQID_036_167,Hspa13,TGTTCGGCGGGACTGATGGC,20
UQID_036_168,Hspa13,CAAGACGGAAATTGACGAGG,20
UQID_036_169,Ikbkb,GATTTGGAAACGTCATCCGG,20
UQID_036_170,Ikbkb,TAAGGACAGCTCCTTCCCGC,20
UQID_036_171,Ikbkb,GCCCAAAGAACAGAGACCGC,20
UQID_036_172,Ikbkb,TTTCTGGCTTCAGGTCTCGA,20
UQID_036_173,Ikbkg,GCAGCAGCACAGCGTCCAGG,20
UQID_036_174,Ikbkg,TGAGCAGCACAAGATTGTGA,20
UQID_036_175,Ikbkg,GCAGAGCAATCAGATGCTGA,20
UQID_036_176,Ikbkg,TTTCTTGTAGCAGATGGCTG,20
UQID_036_177,Ippk,TTACCCTGAGTAGAGGTCGA,20
UQID_036_178,Ippk,GAATGGAGTTACCATGGCGA,20
UQID_036_179,Ippk,TACCCACGAGATGAAGCACA,20
UQID_036_180,Ippk,ATGCTGAAGTATCTCTTCTG,20
UQID_036_181,Ist1,AATCCGGGAGGACTACCTCG,20
UQID_036_182,Ist1,GCCACTTCTGACTGAAGCCG,20
UQID_036_183,Ist1,GAGGAGCAGGACAACATGCT,20
UQID_036_184,Ist1,GCGAAGGGAGCATTTGGAGA,20
UQID_036_185,Jagn1,GTGCTGAAAGTCGCTGCCGT,20
UQID_036_186,Jagn1,GCACAGCAACTCTACCGCCA,20
UQID_036_187,Jagn1,GGAGAGCAGGCCCAAGACAG,20
UQID_036_188,Jagn1,AAAGTCGCTGCCGTCGGTGC,20
UQID_036_189,Jmjd6,GAGCAAGAAGCGCATCCGCG,20
UQID_036_190,Jmjd6,TGTGGCACAAGACGGTAAGA,20
UQID_036_191,Jmjd6,ATCCCAGTTCCAGAACGCGG,20
UQID_036_192,Jmjd6,CGAGAGGCCTTACAAGCCCG,20
UQID_036_193,Lipt2,ACAGTTCAGAGCCAAGCCGT,20
UQID_036_194,Lipt2,AACAGTTCAGAGCCAAGCCG,20
UQID_036_195,Lipt2,CTACAGGCAGACCCTCGCCC,20
UQID_036_196,Lipt2,TACACGGGCGGGCTACGCGG,20
UQID_036_197,Map3k7,GCAGCAGTGTAGTAAGGCAA,20
UQID_036_198,Map3k7,TCTTGTGATGGAATATGCAG,20
UQID_036_199,Map3k7,GGCGTGTTATCACTTCCCAG,20
UQID_036_200,Map3k7,ATGGCGCCTGAAGTATTTGA,20
UQID_036_201,Mapk1,AGTACAGGACCTCATGGAGA,20
UQID_036_202,Mapk1,TACTCACCAAACCATGCCGT,20
UQID_036_203,Mapk1,TGACATTTAACCCTCACAAG,20
UQID_036_204,Mapk1,GCCCACAGACCAAATATCAA,20
UQID_036_205,Med16,GCTGACATCGCCTTCACGGG,20
UQID_036_206,Med16,TGACAGAGTGCACTTCCCAG,20
UQID_036_207,Med16,GCAGGACCAGGCACAAGCCA,20
UQID_036_208,Med16,CAACAGCTGGGAGAGCTCGG,20
UQID_036_209,Med23,AATGGGAAAGAACACAGCTT,20
UQID_036_210,Med23,AGACTGGTCTCCTTCCACCC,20
UQID_036_211,Med23,TTATAGAAGAGGCCTTCCCA,20
UQID_036_212,Med23,AAAGTAGGCCGGCAATAGGC,20
UQID_036_213,Med24,ACTGATGGCGGTGAGCACAG,20
UQID_036_214,Med24,GAAGTACGCCATTAGTTCCC,20
UQID_036_215,Med24,TAGGTTGAGAATGTCCCAGG,20
UQID_036_216,Med24,GTTGCGGCACACTCATCAGG,20
UQID_036_217,Mgat1,GCTGGAGCCCAAGTGGCCCA,20
UQID_036_218,Mgat1,GGATGCGCCGACCTGAGCAG,20
UQID_036_219,Mgat1,ACTGGAAAGTGACAATGCCA,20
UQID_036_220,Mgat1,GACACCCAGGGCCTTAGCAA,20
UQID_036_221,Mta2,CAGGGTACTCACCTCCCACC,20
UQID_036_222,Mta2,AACCAGGTAAGGATTGCTGG,20
UQID_036_223,Mta2,TACTAGAAATATCCCTTCGC,20
UQID_036_224,Mta2,GATCCCAGATCGTTTGGCAG,20
UQID_036_225,Ncbp1,TAGGTGGACAACCTCACAAA,20
UQID_036_226,Ncbp1,TCTTTAGAGAGCAATCTCGA,20
UQID_036_227,Ncbp1,CAGCAAGCAGCATGTCGCGG,20
UQID_036_228,Ncbp1,AAACATAGCAACCATAGACG,20
UQID_036_229,Otulin,AGTATACCTGGATCAAGCAG,20
UQID_036_230,Otulin,GTGCACAGTAGTTATCACCA,20
UQID_036_231,Otulin,AACAGAACCCAGGTTAAGTG,20
UQID_036_232,Otulin,GACGGCGGGAAGGTGACGGC,20
UQID_036_233,Pcbp2,AGTTGGCAGTATCATCGGAA,20
UQID_036_234,Pcbp2,GCACGTATCAACATCTCAGA,20
UQID_036_235,Pcbp2,ACACACTCAATGATGGACTG,20
UQID_036_236,Pcbp2,ACCAGCCGTAAGGTAACCGG,20
UQID_036_237,Pced1b,TAACAAGCAGCTCAGGACCA,20
UQID_036_238,Pced1b,TTTGGGTGACAAGATCAAGG,20
UQID_036_239,Pced1b,CAACCGCACGGACTACCGCG,20
UQID_036_240,Pced1b,AGGGTGGCTACCGAGATCCG,20
UQID_036_241,Pdcd6ip,TAAGCTGGCAAATCAGGCTG,20
UQID_036_242,Pdcd6ip,GATGCACTGCTTTGCAGCCA,20
UQID_036_243,Pdcd6ip,TACCTGGTACTGCTTAGCAG,20
UQID_036_244,Pdcd6ip,GGTGGACCTGGCCAAGCCGC,20
UQID_036_245,Pigk,TAAGATGAACTCCAATCGCA,20
UQID_036_246,Pigk,GCCGAGAGACAAGAGCGCCA,20
UQID_036_247,Pigk,GAAGTGGACACACAAATAAC,20
UQID_036_248,Pigk,ACAGCGAATCCTCTCCCACC,20
UQID_036_249,Pigs,AAAGCGCGGAACGCTTGCCC,20
UQID_036_250,Pigs,GCAGCCGGAAGGGACCATGG,20
UQID_036_251,Pigs,TGAGCCGGAGAAGCAAGCTG,20
UQID_036_252,Pigs,ATGGGAACTCACATTTCAGA,20
UQID_036_253,Pigt,TGATAACGAGCTCTTCTCGC,20
UQID_036_254,Pigt,TTTGGAGGACGCGATACTGG,20
UQID_036_255,Pigt,GGCACGCCGGACTAGAGAGG,20
UQID_036_256,Pigt,AAACCTCTGGGACTGGCCAA,20
UQID_036_257,Pigu,AACACAAGACAAGATCGTGT,20
UQID_036_258,Pigu,GAGGAGATAGAGAAGTCCTG,20
UQID_036_259,Pigu,AATACAGGGCAATAGCAGTG,20
UQID_036_260,Pigu,ACAACAGGGCCACTTTCAGA,20
UQID_036_261,Pkn2,GCAGTTGCTGCGCTGTACCA,20
UQID_036_262,Pkn2,CCAACAGAGCACAATACCTG,20
UQID_036_263,Pkn2,ATAGAATTTGCAGTAGCCGA,20
UQID_036_264,Pkn2,GATGGCCTTACAGAAACAAC,20
UQID_036_265,Ppp1ca,AATACGCCTAATCTGCTCCA,20
UQID_036_266,Ppp1ca,GAAGATCTTCTGCTGCCACG,20
UQID_036_267,Ppp1ca,ATCATCGGGCGCCTGCTGGA,20
UQID_036_268,Ppp1ca,CTGACAGAGAACGAGATCCG,20
UQID_036_269,Ppp1r8,GATGACGAGATCATCAACCC,20
UQID_036_270,Ppp1r8,ACATCCAGATGTAAGCCAGG,20
UQID_036_271,Ppp1r8,GGACTCGAGAGCATGACTGG,20
UQID_036_272,Ppp1r8,ATGGCGGCAGCCGTGAACTC,20
UQID_036_273,Ppp2r2a,CTACTACAGTCACTACGCTA,20
UQID_036_274,Ppp2r2a,TCTGGAGAATTACTAGCCAC,20
UQID_036_275,Ppp2r2a,GCGTTGGCAAATATTCTCCG,20
UQID_036_276,Ppp2r2a,GTAGATGATGACGTAGCAGA,20
UQID_036_277,Psmb8,ATAGGTGTTCCCGCTGCCAG,20
UQID_036_278,Psmb8,AACATGATGCTGCAGTACCG,20
UQID_036_279,Psmb8,CCTGCTGTACAAGTACGGAG,20
UQID_036_280,Psmb8,GCCCTGGATGCGGGAAGCGG,20
UQID_036_281,Psmg1,AGTCAAGTCTCACATACCGA,20
UQID_036_282,Psmg1,GCAGAGCAGGCGGGACACGC,20
UQID_036_283,Psmg1,ACAGACAGAAACATCTCTGG,20
UQID_036_284,Psmg1,GTGTAGCTGCTACATTGCTG,20
UQID_036_285,Ptar1,CTACCTGACATTCCATGCAG,20
UQID_036_286,Ptar1,TAGGTGCAGTTCCTGCAGAG,20
UQID_036_287,Ptar1,ACATCACCAACGCCTTCCGA,20
UQID_036_288,Ptar1,TTCCTAAGAGTCCAGAGACA,20
UQID_036_289,Ptpn2,ACAGGTATCTACAAGAGAGA,20
UQID_036_290,Ptpn2,GAAGGAGCAAAGTACACAAA,20
UQID_036_291,Ptpn2,ATGTGCACAGTACTGGCCAA,20
UQID_036_292,Ptpn2,CATGTCGGCAACCATCGAGC,20
UQID_036_293,Rb1cc1,TTCAAGGACACAGCTTGCAG,20
UQID_036_294,Rb1cc1,TGAACAGAAAGAGCTTGCTC,20
UQID_036_295,Rb1cc1,GGTGCTGAAGATGTTCATCA,20
UQID_036_296,Rb1cc1,AGAGTGTGTACTTACAGCGC,20
UQID_036_297,Rbck1,ATCTCCGCCAGCCACTGCCC,20
UQID_036_298,Rbck1,AGTACGCCCGGATATGACAG,20
UQID_036_299,Rbck1,GAGGTAAGGCAGCTTACCGG,20
UQID_036_300,Rbck1,GACGAGAAGACCAAGAAAGG,20
UQID_036_301,Rgp1,AAAGGAAGGCGGGCCCTCCG,20
UQID_036_302,Rgp1,ACTGTCTTTCTGCCACACCG,20
UQID_036_303,Rgp1,ACTCTCCAGGGTCTAGCCTC,20
UQID_036_304,Rgp1,GATGCAGAAGTGGCGGTCGG,20
UQID_036_305,Ric1,ACGGCGAAGAACGCTCTCCG,20
UQID_036_306,Ric1,TGGCCACAAGATGTTATTGA,20
UQID_036_307,Ric1,TGTGCACATCTGCAAAGCCG,20
UQID_036_308,Ric1,TAGTTTATGGGACAGCAGCA,20
UQID_036_309,Ric8,CTGGCCCTGGAGCTCCACGA,20
UQID_036_310,Ric8,GACCGCACAGAGGAGTTCCA,20
UQID_036_311,Ric8,TCTGCAGACCCACAGGCTGA,20
UQID_036_312,Ric8,TCTGCGGTCGTTCAACCGGG,20
UQID_036_313,Rnf31,TTCACTGAGCGCCAATACCG,20
UQID_036_314,Rnf31,ACGGTTGTATGGCTATACTG,20
UQID_036_315,Rnf31,CGAGGAGCGAGGCTTCCTGG,20
UQID_036_316,Rnf31,CTAAGAGAGAGCGTTGAAGA,20
UQID_036_317,S100pbp,AAGGAAGCCGACTTACCGTG,20
UQID_036_318,S100pbp,AAATCAGCATGCCTTTGACA,20
UQID_036_319,S100pbp,GGCACCAGAAGACTGTTCAG,20
UQID_036_320,S100pbp,TCCGACAGAGGCCTCTGCAG,20
UQID_036_321,Sarnp,GAAGCACTCACCTAGCCGCC,20
UQID_036_322,Sarnp,AATCTGTCTTCTTAGGGCAT,20
UQID_036_323,Sarnp,GGTGGAGCTCCACAAGCTGA,20
UQID_036_324,Sarnp,AAGCACTCACCTAGCCGCCC,20
UQID_036_325,Scaf4,AATCATCTTGGCTCTAGAGA,20
UQID_036_326,Scaf4,GTGCCGAGACTGTCTCACGA,20
UQID_036_327,Scaf4,CGTCAACGCCTTCAACCAGG,20
UQID_036_328,Scaf4,AGAGGGCACAGGCACAGCCG,20
UQID_036_329,Setd1a,TGGACCTGACATGACAGCGG,20
UQID_036_330,Setd1a,TGTGAGGGAAACCTTCCTGA,20
UQID_036_331,Setd1a,GCAGGGAGTGCCATTGCCAG,20
UQID_036_332,Setd1a,CAGCGGCTGCACCAGAACCC,20
UQID_036_333,Setdb1,GAAGTCTCGAGTTGAAGAGG,20
UQID_036_334,Setdb1,GCAGCCAAACTCATGCACCC,20
UQID_036_335,Setdb1,GCAAGAAGAGGACTAAGACA,20
UQID_036_336,Setdb1,CAAACAGCTTGTCAGCGGGA,20
UQID_036_337,Socs1,GCGCGAAGAAGCAGTTCCGT,20
UQID_036_338,Socs1,GCTGCTGGAGCACTACGTGG,20
UQID_036_339,Socs1,GATGGTAGCACGCAACCAGG,20
UQID_036_340,Socs1,GCGGAAGTGAGTGTCGCCAG,20
UQID_036_341,Spcs1,TGGCGGCGGTAGATAGGCCA,20
UQID_036_342,Spcs1,ACGTGGCTGAACAGTTTGGG,20
UQID_036_343,Spcs1,TCTAGCTGACACTTCCTCCA,20
UQID_036_344,Spcs1,GCGCGCCCTCACCATCTGGG,20
UQID_036_345,Srrt,AAACCAGCCACTCTCCATGA,20
UQID_036_346,Srrt,GAGACTACGACAGGAACCGA,20
UQID_036_347,Srrt,TATGACATGCCCTATGCTGG,20
UQID_036_348,Srrt,AAAGGGATGAAAGACGGCGA,20
UQID_036_349,Stoml2,ATAGACTCTTTCACTCGAGG,20
UQID_036_350,Stoml2,AGTCCAGAGGAGGCGCGGCG,20
UQID_036_351,Stoml2,ACCGGATTCGGTCTAACACG,20
UQID_036_352,Stoml2,AACTGGGTGACAGCATACTC,20
UQID_036_353,Susd6,GTACAAACAGCACCACGAGG,20
UQID_036_354,Susd6,TAGTGGGAGGAACATGCCAA,20
UQID_036_355,Susd6,GAGATGACAGCTAACCTCCA,20
UQID_036_356,Susd6,CATCTCCCAGCAGAGCGCAA,20
UQID_036_357,Tab1,TAAGCCAGTTGTCCTCCGGA,20
UQID_036_358,Tab1,ACACTGAGGCTGATGTGCGA,20
UQID_036_359,Tab1,GAGCTCGTCCTCGTTCTCGG,20
UQID_036_360,Tab1,AAGGACTGCCACGACAGCCA,20
UQID_036_361,Tab2,GGCGACATACGAATGGCCCA,20
UQID_036_362,Tab2,GGATGCATAACACTTACTGA,20
UQID_036_363,Tab2,AGTGATGGACAGCTTCACGG,20
UQID_036_364,Tab2,ACTAACCTGTAACATGCACC,20
UQID_036_365,Tbk1,TCCTCGGAAGACATTTGCAG,20
UQID_036_366,Tbk1,GTGCACCGAGATATCAAGCC,20
UQID_036_367,Tbk1,ACAGTGTATAAACTCCCACA,20
UQID_036_368,Tbk1,TTTGAACATCCACTGGGCGA,20
UQID_036_369,Tfrc,CAAGGTCTGCCTCAACAACG,20
UQID_036_370,Tfrc,GCTCTTGAGATTGTTTGCAC,20
UQID_036_371,Tfrc,AGACCCAGTGGAGTCTCCCG,20
UQID_036_372,Tfrc,GAATACATACACTCCTCGTG,20
UQID_036_373,Tgfbr2,GCAGACGGATGTCTACTCCA,20
UQID_036_374,Tgfbr2,TATGCAGCGGCCACAGGCCC,20
UQID_036_375,Tgfbr2,GAACGACAAGAACATTACTC,20
UQID_036_376,Tgfbr2,GAAGCCGCATGAAGTCTGCG,20
UQID_036_377,Tmem127,CAACCAAGCGGGCTCCGCGA,20
UQID_036_378,Tmem127,CCTGCGCCACTACCCAACAG,20
UQID_036_379,Tmem127,TCAGGAGCAGCACTGTCTGG,20
UQID_036_380,Tmem127,GATGGACAGGGCGCCAGGCA,20
UQID_036_381,Tmem208,ACACGGCCAAGCTAAAGCCC,20
UQID_036_382,Tmem208,ACAGCTGAGCACCTGAACAA,20
UQID_036_383,Tmem208,CCAGGCCCAGAATGAGGCAG,20
UQID_036_384,Tmem208,TGGCTCCCAGTATGATCCGA,20
UQID_036_385,Tnfaip3,AGGAAGAAGTTGTTCAGCCA,20
UQID_036_386,Tnfaip3,GAGAGACATTTCCAGTCCGG,20
UQID_036_387,Tnfaip3,TGATCAGGTGAGTCGTGCCG,20
UQID_036_388,Tnfaip3,GCTGTCATAGCCTAGGACGA,20
UQID_036_389,Traf2,GCAGGCTCTCCACCTCTCTG,20
UQID_036_390,Traf2,AGAGAATGGATGCACACCTG,20
UQID_036_391,Traf2,GAAGGAGCACCACACTGAGC,20
UQID_036_392,Traf2,TGGCAAGAAGAAGATCCCTC,20
UQID_036_393,Trpm7,AATCAAGCAGTTGCTTGGAA,20
UQID_036_394,Trpm7,ACACTCCCATTTCATCTTGG,20
UQID_036_395,Trpm7,GCACTATTGGAATAGCTCCA,20
UQID_036_396,Trpm7,TAGAGAGCACTTTGACCAAG,20
UQID_036_397,Ube2n,GTTACCTTGATGATCCTGCG,20
UQID_036_398,Ube2n,CGGTTACCTTGATGATCCTG,20
UQID_036_399,Ube2n,CTACAGCGAGAGCATGGACT,20
UQID_036_400,Ube2n,AAGTACCTGTTTCTATGGCT,20
UQID_036_401,Ufc1,GTTCCGACTGGAGTCCAACA,20
UQID_036_402,Ufc1,GGGACTTCCACTGCCAGCCA,20
UQID_036_403,Ufc1,TGGCGGACGAGGCCACTCGG,20
UQID_036_404,Ufc1,ATTGCAGTCCCTGAGCTGGA,20
UQID_036_405,Ufl1,GACGAGCTACATGTCCGAGG,20
UQID_036_406,Ufl1,CATCTGGACCTTGATAACAG,20
UQID_036_407,Ufl1,ACTCTGCAAACTGCGCCCGC,20
UQID_036_408,Ufl1,TAAAGCCTATGACCTTCCTG,20
UQID_036_409,Uxs1,GTTGTACATGTAGTTTGGTG,20
UQID_036_410,Uxs1,GGATGGCCATGAGGTGACCG,20
UQID_036_411,Uxs1,AGTAGTCCTCACTTTGAGGG,20
UQID_036_412,Uxs1,ACCGCGCACGCACTCACAGG,20
UQID_036_413,Vdac2,AACCAAAGACAGCTGACCCA,20
UQID_036_414,Vdac2,GTGAAGACGAAGTCATGCAG,20
UQID_036_415,Vdac2,GGAACACCGATAACACTCTG,20
UQID_036_416,Vdac2,TTGCCGAGGTCAGCATAGGG,20
UQID_036_417,Vps13a,GACGAGTCCCAGCTCTCCCT,20
UQID_036_418,Vps13a,GTGCTCACCACTCTTTGGCG,20
UQID_036_419,Vps13a,TCATCAAAGGAAATCACCTG,20
UQID_036_420,Vps13a,ATCCAGAAGATAATGCAGGA,20
UQID_036_421,Vps16,GGAGCTCAAGGATTGCCTGG,20
UQID_036_422,Vps16,TGCGAACTGGAATCCACTCG,20
UQID_036_423,Vps16,CTTACCAGCAGGCTAGCCAG,20
UQID_036_424,Vps16,AAATCCGGGCATCCAGGACA,20
UQID_036_425,Vps29,ATGTCCATCAGCACAAACGA,20
UQID_036_426,Vps29,CACCGGCAACCTCTGCACCA,20
UQID_036_427,Vps29,CGTGAGAGGAGACTTCGATG,20
UQID_036_428,Vps29,CGGACACCAAGTTATTCCGT,20
UQID_036_429,Vps35,TCTGGCTCAGGAGTATCTCA,20
UQID_036_430,Vps35,ACGCGGGAAACATTATTCCA,20
UQID_036_431,Vps35,GATTTGGTAGAAATGTGCCG,20
UQID_036_432,Vps35,GAGCTCTCCAAGCATATTGG,20
UQID_036_433,Vps4b,TCAGGCCCAGTTGATGAGAA,20
UQID_036_434,Vps4b,AGTGATGTTGCTGGTCTCGA,20
UQID_036_435,Vps4b,TCTTGCAAGCAAAGCAGCCC,20
UQID_036_436,Vps4b,GTTGGTGTTCGTGGACGCCA,20
UQID_036_437,Wipi2,GGACTTACTACCAACAGCTA,20
UQID_036_438,Wipi2,ATTGTTCTCAAGCAGCTTGG,20
UQID_036_439,Wipi2,TATCCAGGGAGTGCGAGCAT,20
UQID_036_440,Wipi2,AAGCTGTTTGAGTTCAGGAG,20
UQID_036_441,Wwp2,AAGGCAGGGCCACTCCTGCC,20
UQID_036_442,Wwp2,CAGAATCAACTCCTACGTGG,20
UQID_036_443,Wwp2,GACATTGGAGAGGTTGACAG,20
UQID_036_444,Wwp2,CCACCTTCAAGAGAATCCAG,20
UQID_036_445,Yap1,AACGGCACCCAGCTGCAGGG,20
UQID_036_446,Yap1,TTTGTAGGACCTCTTCCTGA,20
UQID_036_447,Yap1,ATTGAAGAGCGCCTCCAAGT,20
UQID_036_448,Yap1,ACAGCTGCAGCAGTTACAGA,20
UQID_036_449,Zc3h3,CAGCCAGCTCACCCTGCAGG,20
UQID_036_450,Zc3h3,GCAGCTTCCAGTGTGCACAT,20
UQID_036_451,Zc3h3,CAGCTCACTCACCTGTGCGG,20
UQID_036_452,Zc3h3,GCCGGACCAAGATTATCCGG,20
UQID_036_453,Atxn7l3,TAGAGACTTGGATCTTCGAG,20
UQID_036_454,Atxn7l3,CCTGGATAACAGCAAACTAG,20
UQID_036_455,Atxn7l3,AAGCATGAGGTTCTCACCGA,20
UQID_036_456,Atxn7l3,AGCATATATCTCCTGAGCGA,20
UQID_036_457,B2m,GACAAGCACCAGAAAGACCA,20
UQID_036_458,B2m,TTCGGCTTCCCATTCTCCGG,20
UQID_036_459,B2m,GAGCCCAAGACCGTCTACTG,20
UQID_036_460,B2m,ACTCTGGATAGCATACAGGC,20
UQID_036_461,Brpf1,CCAACCGCCTGACCATCCAG,20
UQID_036_462,Brpf1,GCCACCATATGAGTGCCCTG,20
UQID_036_463,Brpf1,GGAGCGAGCTCGGCTGCTGG,20
UQID_036_464,Brpf1,AAGGTGACTGCAGGCAACGG,20
UQID_036_465,Calr,ATGCTAAGAAGCCTGAGGAC,20
UQID_036_466,Calr,AAAGAGCAGTTCTTGGACGG,20
UQID_036_467,Calr,TATGTTTGGATTCGACCCAG,20
UQID_036_468,Calr,TACGTGAAGCTGTTTCCGAG,20
UQID_036_469,Dot1l,CATCCCAGCCAAGTACGCAG,20
UQID_036_470,Dot1l,TGATGAGATCAAGATGACAG,20
UQID_036_471,Dot1l,GCTGTGTGACAAATACAACC,20
UQID_036_472,Dot1l,ACGAGGTGACTTCCTCTCAG,20
UQID_036_473,Eif3h,AATATGCAGCGACAGAGTCG,20
UQID_036_474,Eif3h,AGAAGAAGGACAAGGCACTG,20
UQID_036_475,Eif3h,TGGAAACATGGCGTCGCGCA,20
UQID_036_476,Eif3h,GAAGAGCCTCCAGCTGCTGA,20
UQID_036_477,Erap1,AAATCAAGCCGATTATGCTC,20
UQID_036_478,Erap1,GCAATCCCAGACTTTCAGTC,20
UQID_036_479,Erap1,TCAAGATAAAGAGGGATCCA,20
UQID_036_480,Erap1,GAAGATGAGTACCTACCTAG,20
UQID_036_481,Erp44,TGTAATCTACAAACCACCCG,20
UQID_036_482,Erp44,GTGCTGATCACAATCAACTC,20
UQID_036_483,Erp44,CAAGCGCTTTCACTGATCGC,20
UQID_036_484,Erp44,GCTAAAGACAGGAAGACCGC,20
UQID_036_485,Fas,CAACCAGCAATACAAACTGC,20
UQID_036_486,Fas,CAGGTCCCAGAAATCGCCTA,20
UQID_036_487,Fas,TGTGACCTACCAGGTTGGCA,20
UQID_036_488,Fas,ATTTCAGGACATGGTCCAGA,20
UQID_036_489,H2-K1,GTACATGGAAGTCGGCTACG,20
UQID_036_490,H2-K1,TAGCCGACTTCCATGTACCG,20
UQID_036_491,H2-K1,CAGTGACTATTGCAGCTCCA,20
UQID_036_492,H2-K1,AGACTCAGGGCCTACCTGGA,20
UQID_036_493,Hcfc2,TAACAGCTGGTAGGAACCAC,20
UQID_036_494,Hcfc2,CAAGTGGGATGAAGTGCCGA,20
UQID_036_495,Hcfc2,TCAAGGCCAAGACCAAGAGC,20
UQID_036_496,Hcfc2,GCTGATGATCATCTTCGGCG,20
UQID_036_497,Hdgfrp2,CCTCCCAGAGGACCTCGCCG,20
UQID_036_498,Hdgfrp2,AAGAGGAAAGGCTTCAATGA,20
UQID_036_499,Hdgfrp2,GCCGCACGCCTTCAAGCCCG,20
UQID_036_500,Hdgfrp2,ACAAGGACAAAGAATCCCGG,20
UQID_036_501,Ifnar1,TAGACGTCTATATTCTCAGG,20
UQID_036_502,Ifnar1,GCAGCTGAGGGTAGCACCCA,20
UQID_036_503,Ifnar1,TGTGCCAGGAAATCTCCAAG,20
UQID_036_504,Ifnar1,AAGGGAACAGCACATCTTCG,20
UQID_036_505,Ifnar2,TACCCACAAGACACAAGCTG,20
UQID_036_506,Ifnar2,ACACAAGCTGAGGAGACCGA,20
UQID_036_507,Ifnar2,AGAGGGTGTAGTTAGCGGGT,20
UQID_036_508,Ifnar2,GCACGATGTAGTCTGAGCAG,20
UQID_036_509,Ifngr1,CTGGGCCAGAGTTAAAGCTA,20
UQID_036_510,Ifngr1,GTTGTGAATGGAGAGAGCCA,20
UQID_036_511,Ifngr1,GGTATTCCCAGCATACGACA,20
UQID_036_512,Ifngr1,GGCTCGGAGAGATTACCCGA,20
UQID_036_513,Ifngr2,CTTCAGATTGCCCAGCACAA,20
UQID_036_514,Ifngr2,GAGGGAACCTCACTTCCAAG,20
UQID_036_515,Ifngr2,CGTGGAACACATCAAAGGGA,20
UQID_036_516,Ifngr2,AAGACCAGTGGTCTACCAGG,20
UQID_036_517,Irf9,GGAGAGTGGCCATTTCCCAG,20
UQID_036_518,Irf9,CAAGAGAGCACTCACTAGGG,20
UQID_036_519,Irf9,ACATTTCCACAGACCAACCA,20
UQID_036_520,Irf9,AACTGAGGCCACCATTAGAG,20
UQID_036_521,Jak1,CAGCGGAGAGTATACAGCCG,20
UQID_036_522,Jak1,TGGCCAGGACCGCCATGCCC,20
UQID_036_523,Jak1,TCCGAACCGAATCATCACTG,20
UQID_036_524,Jak1,ACTGGAGTATCTGTTTGCAC,20
UQID_036_525,Jak2,TTACTCACGATATTGGGCCG,20
UQID_036_526,Jak2,TCTGCAACATACTCTCCACT,20
UQID_036_527,Jak2,TCAGGAAGAGTGTCTTGGGA,20
UQID_036_528,Jak2,TGTGGAAGACATGATTGGGT,20
UQID_036_529,Kat6a,TTTGGCATCCGTGTAAGTGG,20
UQID_036_530,Kat6a,GTAGCTGCTGGTGAAACCCA,20
UQID_036_531,Kat6a,TATGTCAGATATGCCGACCT,20
UQID_036_532,Kat6a,GAACCGGGAGAAGCAGCCCG,20
UQID_036_533,Kmt2a,TGTGTGGTCAGAGATGCCGG,20
UQID_036_534,Kmt2a,CTGCAGACATGTTTAATCCG,20
UQID_036_535,Kmt2a,AAGGCCGGGACGCGTTGCCG,20
UQID_036_536,Kmt2a,AGAAAGGGCGGCGATCAAGG,20
UQID_036_537,Men1,CAAGAGCTGGCTGTACCTGA,20
UQID_036_538,Men1,AAAGGCAACGAGGACCGCAG,20
UQID_036_539,Men1,GGGAGAGGTCCACAGCGCCG,20
UQID_036_540,Men1,CTGGTAGTAGGTCTTAGCTG,20
UQID_036_541,Mogs,GGCCAGCGCCAACACCACCA,20
UQID_036_542,Mogs,CCAGGGTTACCTGTGAGCAG,20
UQID_036_543,Mogs,GGTGAAAGCCTTCATCCCAG,20
UQID_036_544,Mogs,GGTCGGCAGCATATCCACGA,20
UQID_036_545,Nploc4,ACTCACGATGCTCTCGGCCA,20
UQID_036_546,Nploc4,ACAATGCACACACTTGCCCA,20
UQID_036_547,Nploc4,AAGGACATGTGCTTCACAGG,20
UQID_036_548,Nploc4,GATCCTCTTCACGCCATCAG,20
UQID_036_549,Nup188,TAGAACAGAAGCACCAACCT,20
UQID_036_550,Nup188,CCTCACACACGGCCCACCAG,20
UQID_036_551,Nup188,GTGGTGCGGAATGTCTCCCA,20
UQID_036_552,Nup188,ACAGCATGGACTGTTCCCGG,20
UQID_036_553,Nxt1,TCCACAGATGACCACAAGCA,20
UQID_036_554,Nxt1,GTTTGAAGGCAACAAACAGC,20
UQID_036_555,Nxt1,TGGGCACAGCCACTTTAGTA,20
UQID_036_556,Nxt1,TCAGGCGTCACCCAGTAACA,20
UQID_036_557,Pdia3,TGATAAAGATGCCTCAGTGG,20
UQID_036_558,Pdia3,AGAGAAGTTTGTCATGCAGG,20
UQID_036_559,Pdia3,GAAGAAGCGGGTGCTTATGA,20
UQID_036_560,Pdia3,AGGAATAGTCCCATTAGCAA,20
UQID_036_561,Prkcsh,GGTGCAGTGAAAGCTGCCAT,20
UQID_036_562,Prkcsh,AGACGAGTACAACAGCGGCA,20
UQID_036_563,Prkcsh,CAATGAGAATCTTCTTCAGG,20
UQID_036_564,Prkcsh,GTTCACCTGATCGAATGGGA,20
UQID_036_565,Psmb9,TATGGCTTGGGCATCAGCAG,20
UQID_036_566,Psmb9,ATGGCAGTGGAGTTTGACGG,20
UQID_036_567,Psmb9,GAAACGCCGGCACTCCTCAG,20
UQID_036_568,Psmb9,GATGCGCTAACAAGTCCTCA,20
UQID_036_569,Rbm15,AGTGGATGAGATATCACCTG,20
UQID_036_570,Rbm15,AGCGGGAAGACGGACAGCGG,20
UQID_036_571,Rbm15,TGTCTGCAAAGTCTACCCTG,20
UQID_036_572,Rbm15,AGGGCGGCCAAGCATGCCAG,20
UQID_036_573,Rce1,ACTCACCATAGTTAGCAGCA,20
UQID_036_574,Rce1,GATGGGCTGAAGGTTGTCCT,20
UQID_036_575,Rce1,GGCAGCGGGCCCAAGAACGA,20
UQID_036_576,Rce1,GAGGCTGCCCACGTAGGAGC,20
UQID_036_577,Srsf7,CCATCATGTCACGCTACGGG,20
UQID_036_578,Srsf7,TCAAAGGGACGACGGGCAGG,20
UQID_036_579,Srsf7,GCAGCAGGAGCCGAGGACGG,20
UQID_036_580,Srsf7,GACACAGACCTTGATCGGCG,20
UQID_036_581,Stat1,GAGGAGGTCATGGAAGCGGA,20
UQID_036_582,Stat1,AGAAGGTGAAGCCAATGGTG,20
UQID_036_583,Stat1,GCAGCAGAGCGCCTGCATCG,20
UQID_036_584,Stat1,GATCATCTACAACTGTCTGA,20
UQID_036_585,Stat2,CAATGTCCACATGTAAACCC,20
UQID_036_586,Stat2,CCTACTTAGACCTTTCCCAA,20
UQID_036_587,Stat2,GCTGGGCAGTGATGACGCCA,20
UQID_036_588,Stat2,TCAGAGTCCAAATGGCGCAG,20
UQID_036_589,Tap1,AATGGCCATTCCCTTCTTCA,20
UQID_036_590,Tap1,TGGAATCTACAACATCACCA,20
UQID_036_591,Tap1,ACTAATGGACTCGCACACGT,20
UQID_036_592,Tap1,GACTTCAGCCACGTAAGCCA,20
UQID_036_593,Tap2,GGAGTGGCAAGGCAGAGCAA,20
UQID_036_594,Tap2,AAAGCTGCTCTCGTATCCGC,20
UQID_036_595,Tap2,CGTGTATCTAGTCATACGGA,20
UQID_036_596,Tap2,TTACACGACCCGAATAGCGA,20
UQID_036_597,Tapbp,ACCATCCGCCACCATTCCGA,20
UQID_036_598,Tapbp,AGAGGGAGAACCTTCCAGGG,20
UQID_036_599,Tapbp,ACAGCGACGAGCAGGAGCAG,20
UQID_036_600,Tapbp,TCCGGAGCAGAACTGCCCGC,20
UQID_036_601,Tnfrsf1a,TGAGTGACTGTCCGAGCCCA,20
UQID_036_602,Tnfrsf1a,GCAAGGAGAGATCTCCACCT,20
UQID_036_603,Tnfrsf1a,GAATGGACATACTTTCCTTG,20
UQID_036_604,Tnfrsf1a,TAACCGCTTTCCCACAGGTA,20
UQID_036_605,Tnfrsf1b,GTGCTCATGCCACTCACCAG,20
UQID_036_606,Tnfrsf1b,GGTGTCAGAGAACGTCCCTG,20
UQID_036_607,Tnfrsf1b,ACAGGAATACTATGACAGGA,20
UQID_036_608,Tnfrsf1b,AACTGGCCACTCCGAAGCCA,20
UQID_036_609,Tradd,CTTCCTCCAAGCCTACCGCG,20
UQID_036_610,Tradd,AAGATGGCAGCCGGTCAGAA,20
UQID_036_611,Tradd,GCGCCGTTTCATGCAAGCCG,20
UQID_036_612,Tradd,CCTCACCTACGAGCTGCCCG,20
UQID_036_613,Ube2g2,GACGGCGTTGAAGAGGCTGA,20
UQID_036_614,Ube2g2,TCAGAGCCCAACGATGAGAG,20
UQID_036_615,Ube2g2,ATGAGAGCAGTGCCGAGCGG,20
UQID_036_616,Ube2g2,TTAACCCTGAATCCTCCAGA,20
UQID_036_617,Zcchc14,AACTGAAGAACTTCCTAACG,20
UQID_036_618,Zcchc14,ATCCAGAGCAGCCTGAACAG,20
UQID_036_619,Zcchc14,TACGTCAGCACATTCCACGG,20
UQID_036_620,Zcchc14,TAGCCAACATACCTTCTCCA,20
UQID_036_621,Acad9,GCAGAGCTGCTCGTTCGCCA,20
UQID_036_622,Acad9,ATAGTAGAAAGAGACTTCGG,20
UQID_036_623,Acad9,CAGGCTCTTCAACTTCTCTA,20
UQID_036_624,Acad9,TCTGCCCAAACTGTCGTCTG,20
UQID_036_625,Actb,TCGCGGGCGACGATGCTCCC,20
UQID_036_626,Actb,TACAACTTACCCAAGAAGGA,20
UQID_036_627,Actb,GGATGACGATATCGCTGCGC,20
UQID_036_628,Actb,GCACCCTGTGCTGCTCACCG,20
UQID_036_629,Bola3,ACTTGAATAGCTGTGGCTCG,20
UQID_036_630,Bola3,GGACAGAGGTGAAGATCCGA,20
UQID_036_631,Bola3,GCTGCGCACAGTGCCACAGA,20
UQID_036_632,Bola3,AATGTTTGCCTCTCAGACGG,20
UQID_036_633,Cox6c,AGCACATACCTTATAGGCAG,20
UQID_036_634,Cox6c,ATAGGCAGCGGCAACTCCCA,20
UQID_036_635,Cox6c,TTGCCCAAACCACAGATGCG,20
UQID_036_636,Cox6c,TATAGGCAGCGGCAACTCCC,20
UQID_036_637,Cul3,GAATGATCATCAAACAGCCA,20
UQID_036_638,Cul3,ACCATGTCGAATCTGAGCAA,20
UQID_036_639,Cul3,AAAGAGCCGGTCATTATTGA,20
UQID_036_640,Cul3,ATGATTGCCAGAGAGCGGAA,20
UQID_036_641,Det1,CAAGTATGGAGGGCACACGG,20
UQID_036_642,Det1,AGAGCAGGATGGCAGTGCCA,20
UQID_036_643,Det1,ATACAACATGGTGACAACAG,20
UQID_036_644,Det1,GCTGAAGTTTGAGATCCAGG,20
UQID_036_645,Dnttip1,TAGGCTGCAGGACAGCACGG,20
UQID_036_646,Dnttip1,CTGGCGACACCGAGCAGCCG,20
UQID_036_647,Dnttip1,GAATGTGCGAGACAATGTTG,20
UQID_036_648,Dnttip1,TTGTGGTCATCTGAGATCGG,20
UQID_036_649,Dph5,TTCAGAATCACAGAGCACGC,20
UQID_036_650,Dph5,TGCCAAGGACATCACAGTCA,20
UQID_036_651,Dph5,ACTGAGGAGACACTCTGTGT,20
UQID_036_652,Dph5,GTGAAGAGGAACCGGGCCAA,20
UQID_036_653,Fadd,AAGCTGGAGCGCGTGCAGAG,20
UQID_036_654,Fadd,GAGCAGAACGACCTGGAGCG,20
UQID_036_655,Fadd,GCGCCTGGACGACTTCGAGG,20
UQID_036_656,Fadd,TGAGAAGAAGAACGCCTCGG,20
UQID_036_657,Fntb,AGGCATCTGTCAGTTGTCGA,20
UQID_036_658,Fntb,AGGATCCAGTAGCAGAGCCA,20
UQID_036_659,Fntb,AGTAGAAGAGAAGATCCAGG,20
UQID_036_660,Fntb,GCTGTGCATCATCGGCACAG,20
UQID_036_661,Gpi1,TTCCAAGATCAACTACACCG,20
UQID_036_662,Gpi1,CGGCAAAGATGTGATGCCGG,20
UQID_036_663,Gpi1,AGTCCACCAGAATATGCCCA,20
UQID_036_664,Gpi1,GATGTTGATGATGTCCGTGA,20
UQID_036_665,Ino80,TCATTGCTTGGCGAAACCTC,20
UQID_036_666,Ino80,GGAGCAGCGCAAGTTGGATG,20
UQID_036_667,Ino80,CAGAAAGTGGTCCAACCGCA,20
UQID_036_668,Ino80,TCAGCCACACTTTCCTGCGG,20
UQID_036_669,Irf1,TTAATCTGCATCTCTAGCCA,20
UQID_036_670,Irf1,CAAGTACAAACCTTCGGAGG,20
UQID_036_671,Irf1,TTTGCTCTTAGTGTCTCGGC,20
UQID_036_672,Irf1,ATGGAAAGGGACATAACTCC,20
UQID_036_673,Klf16,GCCAGGCCAGTCGCAGGCAA,20
UQID_036_674,Klf16,GTCGTCGCAGGAGTTCCGGG,20
UQID_036_675,Klf16,AAAGTAATCCACACACGCCA,20
UQID_036_676,Klf16,GATGGCCATGAGCACGTCGG,20
UQID_036_677,N6amt1,ACTCACATGTATAAGGCCCG,20
UQID_036_678,N6amt1,CAGGCGGAGTCACTACATAG,20
UQID_036_679,N6amt1,CATGGACAGGTTCTTCCCAC,20
UQID_036_680,N6amt1,ACTGGACGCGCTCGAGGCGG,20
UQID_036_681,Ndufa13,GTATGGGTTGCGCACCAAGG,20
UQID_036_682,Ndufa13,AGGGTACAGCATGTTTGCTG,20
UQID_036_683,Ndufa13,GATGTATGGGTTGCGCACCA,20
UQID_036_684,Ndufa13,GCTACTGGAGAATGATGAGG,20
UQID_036_685,Ndufaf6,AAAGGTCTGCTTCTGCACTG,20
UQID_036_686,Ndufaf6,CAACCCACCACACCAGCCGG,20
UQID_036_687,Ndufaf6,CCTGCTCTACCTGACACTGG,20
UQID_036_688,Ndufaf6,GCGGACAGAACCCAGCATGG,20
UQID_036_689,Otud5,AGAGATGTACAACCGTCCTG,20
UQID_036_690,Otud5,TGAGGTGGCGGCGAAGCCCG,20
UQID_036_691,Otud5,AAACAGGCCCGCCAGGTCCG,20
UQID_036_692,Otud5,GAACCTATCAACACATTCCA,20
UQID_036_693,Pdss2,AGCGCAACAGCAGCTGCCGG,20
UQID_036_694,Pdss2,GAAGAGCTGCCAGGCTGCAA,20
UQID_036_695,Pdss2,ATGCCGGCTGTCGTGCACGA,20
UQID_036_696,Pdss2,CTAGAAGGAAGTCTCCACTC,20
UQID_036_697,Pi4kb,TATGAGCCAGCTGTTCTGAA,20
UQID_036_698,Pi4kb,GTGGTGGTCAAAGCCAGCCG,20
UQID_036_699,Pi4kb,GGCCCAGAAGGCCTGCCAGG,20
UQID_036_700,Pi4kb,TATAGGCGAGCTGCAAGTGG,20
UQID_036_701,Ppp2r3c,CTAGAGCTGTCTTTCTACAG,20
UQID_036_702,Ppp2r3c,CAATACTCACTGATTCCCGA,20
UQID_036_703,Ppp2r3c,AGTTCTATAAGACCATACCC,20
UQID_036_704,Ppp2r3c,TGTTGGGCGACGCTAACCGC,20
UQID_036_705,Slc25a32,GGACTACGAGGACTTTATCA,20
UQID_036_706,Slc25a32,TAAAGGAAAGAAGGCATCGG,20
UQID_036_707,Slc25a32,AAGACACATGCTGATCCTGA,20
UQID_036_708,Slc25a32,GTGATGTTCCAAACAGCCCA,20
UQID_036_709,Smg7,AGGTGCACTCACCATTGGAG,20
UQID_036_710,Smg7,TAGGAGCAGGAGCTAGACTG,20
UQID_036_711,Smg7,AATCAGATCACAACACTGCA,20
UQID_036_712,Smg7,GCTATCTTAGCTTCTTCCAA,20
UQID_036_713,Ubr5,CAAAGCACTGACCTCCCGGC,20
UQID_036_714,Ubr5,TCCAGCAGACGACCGACCAG,20
UQID_036_715,Ubr5,AGAACCTGAGAGAAACCACG,20
UQID_036_716,Ubr5,TGCTCCAGTACATTCAGAGG,20
UQID_036_717,Usp7,GGGAATGTAACCCTGAGTGA,20
UQID_036_718,Usp7,AGTGAACTGAAAGGTTGCCT,20
UQID_036_719,Usp7,GAAGTGACTGATCCTGAGAA,20
UQID_036_720,Usp7,CAGCCACTTGTTCTTCCACA,20
UQID_036_721,Wdr7,GAGGGCAGGCTCCTCTGCCA,20
UQID_036_722,Wdr7,ATTGTAACTGGATGCCACGA,20
UQID_036_723,Wdr7,TGCCTCTGGGATGTGAACGA,20
UQID_036_724,Wdr7,GTGGCCAAATAACAGTGCTC,20
UQID_036_725,Wdr83,ATGGTCTGACACCTTTACAC,20
UQID_036_726,Wdr83,GTGGGATGTAGCAACTGGGC,20
UQID_036_727,Wdr83,CATCTAGCACTTCGTAGCCG,20
UQID_036_728,Wdr83,GCAGAAACGGATGAAGACGC,20
UQID_036_729,EGFP,CGCGCCGAGGTGAAGTTCGA,20
UQID_036_730,luciferase,TTCTGGAGACATAGCTTACT,20
UQID_036_731,EGFP,CCCATCCTGGTCGAGCTGGA,20
UQID_036_732,LacZ,TTTCGGCGCTCCACAGTTTC,20
UQID_036_733,LacZ,CTCACGCGTGGCAGCATCAG,20
UQID_036_734,EGFP,CCAGGGCACGGGCAGCTTGC,20
UQID_036_735,LacZ,TTAACGCCTCGAATCAGCAA,20
UQID_036_736,LacZ,CGGGTAAACTGGCTCGGATT,20
UQID_036_737,LacZ,CCGCCGCCTTCATACTGCAC,20
UQID_036_738,LacZ,AAGACTGTTACCCATCGCGT,20
UQID_036_739,LacZ,CAAGACTGTTACCCATCGCG,20
UQID_036_740,EGFP,ACCGCCGCCGGGATCACTCT,20
UQID_036_741,LacZ,AGCGGTGCCGGAAAGCTGGC,20
UQID_036_742,LacZ,AGTTGTTCTGCTTCATCAGC,20
UQID_036_743,EGFP,GCACTGCACGCCGTAGGTGA,20
UQID_036_744,EGFP,GCCGTCGTCCTTGAAGAAGA,20
UQID_036_745,LacZ,CAGAAGCGGTGCCGGAAAGC,20
UQID_036_746,LacZ,TACTGTGAGCCAGAGTTGCC,20
UQID_036_747,LacZ,GGTCATGGATGAGCAGACGA,20
UQID_036_748,LacZ,CATTTCGGCACAGCCGGGAA,20
UQID_036_749,LacZ,AATTTCACCGCCGAAAGGCG,20
UQID_036_750,LacZ,CATTCAGGCTGCGCAACTGT,20
UQID_036_751,luciferase,GTCCGGTTATGTAAACAATC,20
UQID_036_752,LacZ,CCCAGGCGTTAGGGTCAATG,20
UQID_036_753,LacZ,CGGCTTCGTCTGGGACTGGG,20
UQID_036_754,EGFP,ACCATCTTCTTCAAGGACGA,20
UQID_036_755,luciferase,ATATCGATTCCAATTCAGCG,20
UQID_036_756,LacZ,GGGACGCGCGAATTGAATTA,20
UQID_036_757,LacZ,CCCGCATTGACCCTAACGCC,20
UQID_036_758,LacZ,GGTCGAACGCTGGAAGGCGG,20
UQID_036_759,LacZ,CGGATAATGCGAACAGCGCA,20
UQID_036_760,LacZ,TGCAACCGAACGCGACCGCA,20
UQID_036_761,EGFP,CTGCACGCCGTAGGTGAAGG,20
UQID_036_762,LacZ,TGGAAGATCAGGATATGTGG,20
UQID_036_763,LacZ,GCACTGCAACAACGCTGCTT,20
UQID_036_764,LacZ,GGTAACAGTTTCTTTATGGC,20
UQID_036_765,LacZ,TTGCCCGATGTACGCGCGCG,20
UQID_036_766,luciferase,AAGAGATACGCCCTGGTTCC,20
UQID_036_767,LacZ,CACGAGCATCATCCTCTGCA,20
UQID_036_768,LacZ,TACCGCAGCCGGAGAGCGCC,20
UQID_036_769,LacZ,TGCGCAGCCTGAATGGCGAA,20
UQID_036_770,LacZ,CTCATCGCCGGTAGCCAGCG,20
UQID_036_771,LacZ,CTGCCAGGCGCTGATGTGCC,20
UQID_036_772,LacZ,GCGTATTCGCAAAGGATCAG,20
UQID_036_773,LacZ,CGCCTTCATACTGCACCGGG,20
UQID_036_774,LacZ,CCGGTGCAGTATGAAGGCGG,20
UQID_036_775,EGFP,TGGAGTTCGTGACCGCCGCC,20
UQID_036_776,LacZ,CAACGTAACCTATCCCATTA,20
UQID_036_777,LacZ,CGAGCTCCTGCACTGGATGG,20
UQID_036_778,LacZ,GGCGCTGGATGGTAAGCCGC,20
UQID_036_779,EGFP,CAGCCACAACGTCTATATCA,20
UQID_036_780,LacZ,ACATCAGCGCCTGGCAGCAG,20
UQID_036_781,LacZ,TGTCGTTATCCAGCGGTGCA,20
UQID_036_782,EGFP,GTGAACCGCATCGAGCTGAA,20
UQID_036_783,luciferase,GGTCTTCCCGACGATGACGC,20
UQID_036_784,LacZ,CAGACGTAGTGTGACGCGAT,20
UQID_036_785,LacZ,ATTTCGCTGGTGGTCAGATG,20
UQID_036_786,LacZ,CTTCAGCCTCCAGTACAGCG,20
UQID_036_787,LacZ,GGATTGGTGGCGACGACTCC,20
UQID_036_788,LacZ,CGGTTTCGCTAAATACTGGC,20
UQID_036_789,LacZ,TCCATGACCTGACCATGCAG,20
UQID_036_790,LacZ,ATGTCGGTTTCCGCGAGGTG,20
UQID_036_791,LacZ,GGAGCTCGTTATCGCTATGA,20
UQID_036_792,LacZ,CCCGAATCTCTATCGTGCGG,20
UQID_036_793,LacZ,GAAATTATCGATGAGCGTGG,20
UQID_036_794,LacZ,GCGCTCAGGTCAAATTCAGA,20
UQID_036_795,LacZ,CCATTTCGGCACAGCCGGGA,20
UQID_036_796,EGFP,CGATGCCCTTCAGCTCGATG,20
UQID_036_797,LacZ,AACGGCGGATTGACCGTAAT,20
UQID_036_798,LacZ,CTATTACGCCAGCTGGCGAA,20
UQID_036_799,LacZ,GTTGAACTGCACACCGCCGA,20
UQID_036_800,luciferase,GATCCTCATAAAGGCCAAGA,20
UQID_036_801,EGFP,GTCGTGCTGCTTCATGTGGT,20
UQID_036_802,LacZ,CTAACGCCTGGGTCGAACGC,20
UQID_036_803,EGFP,GAAGGGCATCGACTTCAAGG,20
UQID_036_804,LacZ,TTCGCTCGGGAAGACGTACG,20
UQID_036_805,LacZ,GAGCGAACGCGTAACGCGAA,20
UQID_036_806,EGFP,GACGTAGCCTTCGGGCATGG,20
UQID_036_807,EGFP,CGCTCCTGGACGTAGCCTTC,20
UQID_036_808,LacZ,GCGACCGCATGGTCAGAAGC,20
UQID_036_809,LacZ,TGCGAATACGCCCACGCGAT,20
UQID_036_810,EGFP,CAACTACAAGACCCGCGCCG,20
UQID_036_811,EGFP,GGCATCGACTTCAAGGAGGA,20
UQID_036_812,LacZ,AGGCCAATCCGCGCCGGATG,20
UQID_036_813,LacZ,ATGGCGAATGGCGCTTTGCC,20
UQID_036_814,LacZ,CAGCTGGCGTAATAGCGAAG,20
UQID_036_815,LacZ,GATTACCGTTGATGTTGAAG,20
UQID_036_816,LacZ,CTGGGTCGAACGCTGGAAGG,20
UQID_036_817,LacZ,GTTCCCACGGAGAATCCGAC,20
UQID_036_818,luciferase,CATCTTCCAGGGATACGACA,20
UQID_036_819,LacZ,CTACAGTCAACAGCAACTGA,20
UQID_036_820,LacZ,CTCTCCGGCTGCGGTAGTTC,20
UQID_036_821,LacZ,GTCGTTATCCAGCGGTGCAC,20
UQID_036_822,LacZ,CTGGAGCCCGTCAGTATCGG,20
UQID_036_823,LacZ,CGCTGGATGCGGCGTGCGGT,20
UQID_036_824,LacZ,CTGCGATGTCGGTTTCCGCG,20
UQID_036_825,LacZ,CGATTAAGTTGGGTAACGCC,20
UQID_036_826,LacZ,TTTCAGCCGCGCTGTACTGG,20
UQID_036_827,LacZ,ATGGTGCTGCGTTGGAGTGA,20
UQID_036_828,EGFP,GATGCCGTTCTTCTGCTTGT,20
UQID_036_829,Ankrd13c,GGCAGAATTCGGGAAAGCAA,20
UQID_036_830,Ankrd13c,CTTGCGGAAGCCATCAGCTA,20
UQID_036_831,Ankrd13c,GAAACTCAAGCAGCAATCTA,20
UQID_036_832,Ankrd13c,AGAAGATCCGCTCCCTGCGG,20
UQID_036_833,Emd,ATACATGTCTGAGTCCACGG,20
UQID_036_834,Emd,GATCGACAGGTCCCACTCTG,20
UQID_036_835,Emd,GAAGAAGATGACGAGTTGGG,20
UQID_036_836,Emd,CCAAGAGCTTCCGCCAGCCG,20
UQID_036_837,Ninl,AGAACTACCTTCCTCATCGG,20
UQID_036_838,Ninl,GGATCAGAACAGCAGGCCAA,20
UQID_036_839,Ninl,ATCCAGGAACCCGGTCCCTG,20
UQID_036_840,Ninl,AAACTGGACCAAGATGGAGA,20
UQID_036_841,Nucks1,AAGGATGATTCTCACTCGGC,20
UQID_036_842,Nucks1,GACCGAATCTTCTTAGCAGG,20
UQID_036_843,Nucks1,TAAGCAGAGAGAGATGCTCT,20
UQID_036_844,Nucks1,AATGCCCAAACCCAGACTAA,20
UQID_036_845,Tbl2,AGGCCAGCAGACCCACCAGG,20
UQID_036_846,Tbl2,AGAGTGACCCTTCAGTTCAA,20
UQID_036_847,Tbl2,ATCAGGGAAGTTCATCATGA,20
UQID_036_848,Tbl2,AAAGCGCCCATCATCAACAT,20
UQID_036_849,Rwdd4a,AGTGGAAGTGAATCTCGGCA,20
UQID_036_850,Rwdd4a,TCAACCCAGTTCCAGCCGCG,20
UQID_036_851,Rwdd4a,CCAGGAAACCTCTATCAGGA,20
UQID_036_852,Rwdd4a,GATATGACCGGAGCTGTCTG,20
UQID_036_853,Zfp961,GTTTCGAAGGGAATAGACGT,20
UQID_036_854,Zfp961,GTCTTGCCTGAGCTGCGCTG,20
UQID_036_855,Zfp961,TGGCGGCTTAGCAATGCGCA,20
UQID_036_856,Zfp961,GGCAAGACGAGAGTGCACCA,20
UQID_036_857,Enoph1,CAGGATTACGGTGACTTCGG,20
UQID_036_858,Enoph1,GCTCTTCGGCCATTCCACAG,20
UQID_036_859,Enoph1,GACACTCCTCCTCCTCCCAG,20
UQID_036_860,Enoph1,GAGGAAGATGCACATCTGGA,20
UQID_036_861,Sun1,TCTGGAGTACACCCTGGAGG,20
UQID_036_862,Sun1,GAAGGACTAGAGCTGCCGGG,20
UQID_036_863,Sun1,TTGTGACCAGACGCAAGCTG,20
UQID_036_864,Sun1,GCAGCACCGTGGCACTCCGC,20
UQID_036_865,Ppip5k1,TTAGGATCACATCTTCTCCC,20
UQID_036_866,Ppip5k1,AGAAGGTGAAGACCAGGTGG,20
UQID_036_867,Ppip5k1,GGTGTACCGGATCCTACAGG,20
UQID_036_868,Ppip5k1,CAATGAGGACGAGAGCACTA,20
UQID_036_869,Fam134a,CAAGAGGCAGAATCCAGCTC,20
UQID_036_870,Fam134a,CAACTCGTGATAGACCACCA,20
UQID_036_871,Fam134a,GCTGCACAGCCTGGTCACGG,20
UQID_036_872,Fam134a,TGAGCAGGAAGAAGGGCCGG,20
UQID_036_873,Ccng1,GGAAACAAGCTCTTGCCAGA,20
UQID_036_874,Ccng1,AGAGGAAAGGAATGTCCCAC,20
UQID_036_875,Ccng1,GGCGCTATCTATCCTTGCGT,20
UQID_036_876,Ccng1,GCAGTGGCAGGCCTTAAGTT,20
UQID_036_877,Nme7,GAGGGCTCGGATGCTTCCGG,20
UQID_036_878,Nme7,GATTCGCTTTCATTGCAGAG,20
UQID_036_879,Nme7,TAAATAGATCTTCCAGGCGC,20
UQID_036_880,Nme7,AGTATGAGAGCCTGTCAGCA,20
UQID_036_881,Ppp2r3a,TTCACGACATCACTCACACA,20
UQID_036_882,Ppp2r3a,TCTAGGAGAACCACTTGCCA,20
UQID_036_883,Ppp2r3a,ACTTGGCAGCATCGTCATGA,20
UQID_036_884,Ppp2r3a,GATGTGGTAGATACCCACCC,20
UQID_036_885,Gpbp1l1,CACGGAGAGCACCTATCCCG,20
UQID_036_886,Gpbp1l1,GGAAGAGCCATGCCAACCTG,20
UQID_036_887,Gpbp1l1,GCAACTCATACCTTAGAGGG,20
UQID_036_888,Gpbp1l1,GCAATGCAAGTGCTTCTCCA,20
UQID_036_889,Pcolce,GGGCGGATGGAGAAGGCGCA,20
UQID_036_890,Pcolce,TGGGTGCTGCCTCTTGCCCG,20
UQID_036_891,Pcolce,AGACCTGTGTTCCTGTGCGG,20
UQID_036_892,Pcolce,TTAAGGATGACAACTGACGA,20
UQID_036_893,Fam192a,GTAGACTGTACCATTATGGA,20
UQID_036_894,Fam192a,AACCAAGAACAAGTTCTCCC,20
UQID_036_895,Fam192a,GCTGCCGAGAAACCTCATCA,20
UQID_036_896,Fam192a,GCCGTTCGTACAGAGACCGA,20
UQID_036_897,2700097O09Rik,AGACTTGGATGCGTACCCAA,20
UQID_036_898,2700097O09Rik,AATGAACTTCAACTCCGTGA,20
UQID_036_899,2700097O09Rik,TACGGGTAGTCCTCATCCAG,20
UQID_036_900,2700097O09Rik,AAGTCTCCAAGAGTCTCTCA,20
UQID_036_901,Tpp1,AGTGAGACTCAGCTCTTCCT,20
UQID_036_902,Tpp1,GAGTTCATGCGCCTATTCGG,20
UQID_036_903,Tpp1,TGCAGGAAAGTACCTAACCC,20
UQID_036_904,Tpp1,CAATAGCCAGGCCTGTGCCC,20
UQID_036_905,Tmem222,TTACTTGGCAGGCTTTCCGA,20
UQID_036_906,Tmem222,TGACGGTCAGGATAATGCCG,20
UQID_036_907,Tmem222,TGACAACTGCCACTCCCACG,20
UQID_036_908,Tmem222,TCGGTGCTTATACTCTTCGG,20
UQID_036_909,Bbs7,CAGTGTTCAAGACTTTACCA,20
UQID_036_910,Bbs7,AAGCCGGGCAGACTACCTCC,20
UQID_036_911,Bbs7,TGCTTCCTACCTCAAGACAA,20
UQID_036_912,Bbs7,TATAGATGTAGCTTGCACTG,20
UQID_036_913,Igfbp4,GTGGGTACGGCTCTGTGAGG,20
UQID_036_914,Igfbp4,GCCACGCTGTCCGTCCAGGG,20
UQID_036_915,Igfbp4,GCAGCGCGCCAGCTTCTCCT,20
UQID_036_916,Igfbp4,GCATGCCTGAGCCACAGCGT,20
UQID_036_917,Zfp212,TCTAGAACTACTCACCCAGG,20
UQID_036_918,Zfp212,AGTAGGCGTCGACTCCGCCA,20
UQID_036_919,Zfp212,GGTGGCTGCTATTCAAGCCG,20
UQID_036_920,Zfp212,TGTGGCTGGAGCTAATGGCG,20
UQID_036_921,Ranbp6,ATTGCTCAAAGTCTTTGCCA,20
UQID_036_922,Ranbp6,AGTATGTTGAGTATTTCCGG,20
UQID_036_923,Ranbp6,GATGTTGGTTTACTATGCGA,20
UQID_036_924,Ranbp6,TTGACAGGACGCGATGGCGG,20
UQID_036_925,Tmem9b,TTCCAGTTCCCAGTTAGCTG,20
UQID_036_926,Tmem9b,GAGAAGCTCTGTCACAATCA,20
UQID_036_927,Tmem9b,AAAGAGGCGCCTCTTCAGGA,20
UQID_036_928,Tmem9b,GCAGCTGACAGGCGCCGCCA,20
UQID_036_929,Ssbp4,CATGGCACCCATCACAGGGC,20
UQID_036_930,Ssbp4,CATGTCACCACGGTTCCCAG,20
UQID_036_931,Ssbp4,TGAGTATCTACTGCATGTGG,20
UQID_036_932,Ssbp4,GGTGCGGAGCATGTACGGCA,20
UQID_036_933,Phka2,TAAAGCCAAGGCCTATGAGT,20
UQID_036_934,Phka2,GAGAGGTGGCATCCACCTGG,20
UQID_036_935,Phka2,AACGTAGTGAAGCTGATGCG,20
UQID_036_936,Phka2,GCGGAGCAGGAGCAATTCTG,20
UQID_036_937,Prcp,TGACAAATGCGGGCTGCCGA,20
UQID_036_938,Prcp,CTTGAAGGAGTCCTGACCAA,20
UQID_036_939,Prcp,TGCGTAAGGGTAGTTCACCA,20
UQID_036_940,Prcp,CAACCTGTCATCGCCATCGG,20
UQID_036_941,Zfp946,CATCAGCCAGTTCATACAAG,20
UQID_036_942,Zfp946,CTTGGATATTCAAATGCTGG,20
UQID_036_943,Zfp946,ATCAGCCAGTTCATACAAGA,20
UQID_036_944,Zfp946,TTTACCAGCAAAGGCTATCT,20
UQID_036_945,Cdk5rap1,ACTTGGAGGACACACCGTAA,20
UQID_036_946,Cdk5rap1,AGTGAGGAAGCTGTCCGAGC,20
UQID_036_947,Cdk5rap1,CCTAGAATCCCAATCCTCAG,20
UQID_036_948,Cdk5rap1,GAAGGGAGAGATCCTCAACA,20
UQID_036_949,Nap1l4,CATAGAAGCTAAGTTCTACG,20
UQID_036_950,Nap1l4,GATGCAGAACCCACAAGTGC,20
UQID_036_951,Nap1l4,GATGAAATCAGAGCCAGACA,20
UQID_036_952,Nap1l4,GCTTGGTCACTACTCACCAT,20
UQID_036_953,Arl3,GAGGTGCGAATCCTACTCCT,20
UQID_036_954,Arl3,GGAACTAACGGAATTACTGG,20
UQID_036_955,Arl3,TATGGGACATTGGCGGGCAG,20
UQID_036_956,Arl3,GGAGGTGCGAATCCTACTCC,20
UQID_036_957,Ulk3,GGTGTACAAGGCCTACGCCA,20
UQID_036_958,Ulk3,GGATCTCAATCTCAGTCAGG,20
UQID_036_959,Ulk3,GAAGAGAAGTCTCACCGTAC,20
UQID_036_960,Ulk3,TGAACGAAACATCTCTCACT,20
UQID_036_961,Mtf2,TGAGGACAGTTCCAAATCCT,20
UQID_036_962,Mtf2,ATTTCAGGAGCCACTGGGAG,20
UQID_036_963,Mtf2,AACAAGCTGTCTTTACAGGA,20
UQID_036_964,Mtf2,TCAAACGTCTACCGTTACAG,20
UQID_036_965,Golm1,GTCTAGCCACAGCTTCCAGC,20
UQID_036_966,Golm1,GAAGCCTAGCACAATAACAC,20
UQID_036_967,Golm1,ACCAGTTGAAGGCACTGCAG,20
UQID_036_968,Golm1,TCGAATGAGCTTCTCGCCTG,20
UQID_036_969,Cbx8,AGTCAACATGGAGCTCTCGG,20
UQID_036_970,Cbx8,GCAGGCCCAGGCCAAGGCAA,20
UQID_036_971,Cbx8,GATCGCAACATACCTTGAGA,20
UQID_036_972,Cbx8,CAACATGGAGCTCTCGGCGG,20
UQID_036_973,Fam175a,TATGGAGGGCGAGAGCACGT,20
UQID_036_974,Fam175a,CTTCACCTTTCATTTCACCG,20
UQID_036_975,Fam175a,TAGAAGAACCCAGCAAGCAC,20
UQID_036_976,Fam175a,AAACGAACATGCACTGAAGA,20
UQID_036_977,Tmem256,ATTAGCAGGCTCCCTCCCAC,20
UQID_036_978,Tmem256,CGGACAAGGCACCTAGGCGG,20
UQID_036_979,Tmem256,GTTTCCGGATGCCTACGGGA,20
UQID_036_980,Tmem256,CCCGTAGGAGGCCAAACCCA,20
UQID_036_981,Zfand2b,GCCTACGCCCAGCATCACTG,20
UQID_036_982,Zfand2b,AAACTGACTTGTGATCGCTG,20
UQID_036_983,Zfand2b,GCACAGGCACATTACAGAGA,20
UQID_036_984,Zfand2b,GATGGAGTTTCCGGACCTCG,20
UQID_036_985,Chchd6,TCTGTACGTGGCCTGCCAGG,20
UQID_036_986,Chchd6,CCAGGATGAGATGGTCAGGG,20
UQID_036_987,Chchd6,CCGAAGGGTGTCCTTCGAGA,20
UQID_036_988,Chchd6,AAGATCCTCCTTCACTGCTG,20
UQID_036_989,Mitd1,GGATTCCGATAGCACTGCGG,20
UQID_036_990,Mitd1,GATACCTACTTCATACCCAG,20
UQID_036_991,Mitd1,ACCGTGTCATGAAACAACAG,20
UQID_036_992,Mitd1,ATATAGTCATAGCCTACCTG,20
UQID_036_993,Ankrd27,ATAGGACTCGAACTGGCAGG,20
UQID_036_994,Ankrd27,AGTCTCGGAGAAGCTGCTGG,20
UQID_036_995,Ankrd27,AGAACATTGCCTCTTTCCAC,20
UQID_036_996,Ankrd27,GAAGTCTCTCTCCTCTCCAA,20
UQID_036_997,Cnpy4,GAGGAATGTGACCTCCACAC,20
UQID_036_998,Cnpy4,GGGCTCACTAAGATACGCCA,20
UQID_036_999,Cnpy4,ATGCTCAGCAGCTTACACAC,20
UQID_036_1000,Cnpy4,GAAGATCAGTGATGGGCAGG,20
UQID_036_1001,Aspscr1,TAACAATGCCAAGCTGGAGA,20
UQID_036_1002,Aspscr1,TACTAGAAGACACATGCCGG,20
UQID_036_1003,Aspscr1,CCTCATGTACACGCAGACAG,20
UQID_036_1004,Aspscr1,TGAGCGGAAGATGGCGGCCC,20
UQID_036_1005,Ltbp4,GAACCCTGAAGCCCTAGCCA,20
UQID_036_1006,Ltbp4,CCCGACCTCGGCCTGAACCC,20
UQID_036_1007,Ltbp4,CGGGATTCAGGCCGAGGCCG,20
UQID_036_1008,Ltbp4,CGAGGTCGGGATTCAGGCCG,20
UQID_036_1009,Flna,TCAGTCCGGGAGCATACCTG,20
UQID_036_1010,Flna,TGAGCCGCAACCCATCGCTC,20
UQID_036_1011,Flna,GCTATCAACAAGAGCACCCA,20
UQID_036_1012,Flna,AAAGCCCGAGCCTATGGGCC,20
UQID_036_1013,Zfp26,GCAGTAACAGGACTTACCAC,20
UQID_036_1014,Zfp26,ACTCACTTTCGAATTCACAC,20
UQID_036_1015,Zfp26,GGTGACCAGAACTGCAGTCA,20
UQID_036_1016,Zfp26,AAAGCCTTCACTGCTCGCTC,20
UQID_036_1017,Mtmr4,GCACCACGCATGGTAGGCAA,20
UQID_036_1018,Mtmr4,CCTGGAGTACATCCAAGCCA,20
UQID_036_1019,Mtmr4,AGACTCTCCAGACATTCTGC,20
UQID_036_1020,Mtmr4,GTGCAGCCGGTAGTTAGAGA,20
UQID_036_1021,Ppp3r1,AGTGTGAGCACATTTCCAAA,20
UQID_036_1022,Ppp3r1,AACGGAGAAGTGGACTTCAA,20
UQID_036_1023,Ppp3r1,AGCAGAACCCTTTAGTACAG,20
UQID_036_1024,Ppp3r1,AAATGAGGCGAGTTACCCTT,20
UQID_036_1025,Dus4l,TTAACTGTGGTTGCCCTCAG,20
UQID_036_1026,Dus4l,AAAGCGACTCATCACCATAA,20
UQID_036_1027,Dus4l,AACCATAGATCTTTGCCGGA,20
UQID_036_1028,Dus4l,GCAGCAAACTGAACAATCAA,20
UQID_036_1029,Plk2,GTCCTCAACAAACAAGGACA,20
UQID_036_1030,Plk2,GAGTAGCTAAACCTCATCAG,20
UQID_036_1031,Plk2,CGAACAAGAAATCTTGCACA,20
UQID_036_1032,Plk2,GAAGGTGGGAGACTTTGGTT,20
UQID_036_1033,Vrk3,CAAGGCCCTGCCTGTAGAGG,20
UQID_036_1034,Vrk3,AGAGTAGCCAAGCCTCTGCA,20
UQID_036_1035,Vrk3,AACTGTCACAGTCAGAGTGG,20
UQID_036_1036,Vrk3,AATGCCAAAGCCGATACAGG,20
UQID_036_1037,Zfp397,TCACTGACACCTCTACATGA,20
UQID_036_1038,Zfp397,AATGCCAGAGTTGCACACAA,20
UQID_036_1039,Zfp397,AGAAAGAGTTTGATGATCCG,20
UQID_036_1040,Zfp397,AAGATGGTCTCTCTTTGCTA,20
UQID_036_1041,Vat1,GTCAAAGAGAACCATGTAGG,20
UQID_036_1042,Vat1,AAACACTGTCACGTTCTCCA,20
UQID_036_1043,Vat1,GAAGCTGCAGAGCCGGCCGG,20
UQID_036_1044,Vat1,CAAGCGGAACCTGATGGCCA,20
UQID_036_1045,Traf3ip1,AACCAGCTAGAATTGTGGCC,20
UQID_036_1046,Traf3ip1,CCTGCACGACATCATCACCG,20
UQID_036_1047,Traf3ip1,AGGGAAGAGACCGGGAACGG,20
UQID_036_1048,Traf3ip1,TTTATAGTCCTCAAGCTCAG,20
UQID_036_1049,Fam65a,ATGCACTTCCAAGTAGGCCC,20
UQID_036_1050,Fam65a,ATGAAGCATACTGTGTCCAG,20
UQID_036_1051,Fam65a,GCACAAGTACCTTACTGGCA,20
UQID_036_1052,Fam65a,GTGTACACTGCTCTTAAGCG,20
UQID_036_1053,Fam195b,GTCTCCAGAGTTGTCTACAA,20
UQID_036_1054,Fam195b,CTGCGCAGCCAGCTGTCCAG,20
UQID_036_1055,Fam195b,TGGTGAGCGGTGCCTAGTGG,20
UQID_036_1056,Fam195b,ACATCCCAGCAATGACCAGG,20
UQID_036_1057,Prpf40b,AGAGTTACCTGTGTAAGTGG,20
UQID_036_1058,Prpf40b,TACGCTGGGCTTCTCCCACA,20
UQID_036_1059,Prpf40b,GCTGCAGTGACAGGCACCGC,20
UQID_036_1060,Prpf40b,AACTGGAAGCACTCACCGGA,20
UQID_036_1061,Phf3,GAAGGCTTGGAAGTAGCAGC,20
UQID_036_1062,Phf3,TTACTTGCAGATCCTAGCAT,20
UQID_036_1063,Phf3,ATTGAAGGAAAGGATGCAGG,20
UQID_036_1064,Phf3,TCAAGCACAGCAAATGGGAG,20
UQID_036_1065,Klhl21,TCATGCCACAGACACCGGCA,20
UQID_036_1066,Klhl21,GGACATGCAGGACTTCGCCG,20
UQID_036_1067,Klhl21,GCCGCACGCCTCCTTCACGG,20
UQID_036_1068,Klhl21,ACTGTGGCCAGCTCCCACCG,20
UQID_036_1069,Stard5,TATCATCCCACTTCTCCCGG,20
UQID_036_1070,Stard5,AGTCCACCACACTCTGAGGG,20
UQID_036_1071,Stard5,CACGCAAGAGAGTGAGGCGG,20
UQID_036_1072,Stard5,CATGAAGCTTATTTCTCCCA,20
UQID_036_1073,Galk2,TCGACAAGACCAAACCTCTA,20
UQID_036_1074,Galk2,TACATAGGCACTGAAGGTGG,20
UQID_036_1075,Galk2,AGCACAGCAAACCAGAGCAC,20
UQID_036_1076,Galk2,GGAGTGTCGACTGGCGGCAA,20
UQID_036_1077,Lypla1,GTGGACAGATGTATTTGATG,20
UQID_036_1078,Lypla1,GAGAGCAGTGTATAAAGACA,20
UQID_036_1079,Lypla1,ATAAAGACAAGGCGCCTCCC,20
UQID_036_1080,Lypla1,CTTCCGGGCGGCCGGCACAA,20
UQID_036_1081,Smim19,TCGCTTAAGACAACAAGTGG,20
UQID_036_1082,Smim19,AGAGCTGCACACTGTCGGCC,20
UQID_036_1083,Smim19,TTAGCGTGCCTCCCACAGAA,20
UQID_036_1084,Smim19,TTTAGCGTGCCTCCCACAGA,20
UQID_036_1085,Gas2l3,AGAGACCTTGCTTAATGCCT,20
UQID_036_1086,Gas2l3,CTGACTCCCAGACATGGCCC,20
UQID_036_1087,Gas2l3,GCTGCCACTCTGACGAGCCA,20
UQID_036_1088,Gas2l3,ACACCGCCAACTTTCTTCAC,20
UQID_036_1089,Tmem173,GTATGACCAGGCCAGCCCGT,20
UQID_036_1090,Tmem173,ATGGCAAACAGGGTCTGCAA,20
UQID_036_1091,Tmem173,GAAGGCCAAACATCCAACTG,20
UQID_036_1092,Tmem173,GAGCGGTGACCTCTGGGCCG,20
UQID_036_1093,Slc25a12,TTGGAAAGCCACTATGAACA,20
UQID_036_1094,Slc25a12,GGCTTCCGAGCACAGCATGG,20
UQID_036_1095,Slc25a12,CCAGAAGGGCGCCTACCTGG,20
UQID_036_1096,Slc25a12,CTTTCAGTATGCCAGCACTG,20
UQID_036_1097,Arl6ip6,GACTGGACATTCTTTCCACA,20
UQID_036_1098,Arl6ip6,GCGGGCAGAGTTCTCAGCCA,20
UQID_036_1099,Arl6ip6,TTTAACGATCATGTAGGCGA,20
UQID_036_1100,Arl6ip6,AGCGAACCCAGGCTCGGCGG,20
UQID_036_1101,Cptp,AGTACGTCAAGCTGTCACTG,20
UQID_036_1102,Cptp,GGAGTCCACTGAGCAAGCAG,20
UQID_036_1103,Cptp,TGGACCACTATATTGCCGGC,20
UQID_036_1104,Cptp,GCAGGGTAAGTCCACGCCTA,20
UQID_036_1105,Cep70,GTTTATCCAAGACTGAGTGA,20
UQID_036_1106,Cep70,GTCAAAGGAGCAGATCTCAG,20
UQID_036_1107,Cep70,TCAGCTAGAACAGAACCGAG,20
UQID_036_1108,Cep70,CAAAGGAATCACTATGACTG,20
UQID_036_1109,Nenf,GAGCCACTTACCCTTCCCAG,20
UQID_036_1110,Nenf,TCGGTGAAGAGCCGCACCGG,20
UQID_036_1111,Nenf,TTGTTGGCTACACAGCCCGA,20
UQID_036_1112,Nenf,GAGGAGCTGGCCCGCTACGG,20
UQID_036_1113,Pcgf3,TGAGAGTGTGGTCCTTGCCC,20
UQID_036_1114,Pcgf3,TGACCAGGAAGATTAAACTC,20
UQID_036_1115,Pcgf3,GTTTCAACTCACCTTCCTGG,20
UQID_036_1116,Pcgf3,GATGGCTACCTCATTAAAGG,20
UQID_036_1117,Gm15800,GTAGAAGTAAGTGCCATCTG,20
UQID_036_1118,Gm15800,GCAATGAGGAGCTAGAGCCA,20
UQID_036_1119,Gm15800,TCAGCCTTTGAGCTTGACCA,20
UQID_036_1120,Gm15800,GTACAGGTAATGCCCATCTG,20
UQID_036_1121,Nusap1,GTTCAGGACACCCAAGTCAA,20
UQID_036_1122,Nusap1,GGTACAGAGAGCCTTCCTCT,20
UQID_036_1123,Nusap1,GTACCTTCATGTTAGCCCGG,20
UQID_036_1124,Nusap1,AAGAAGCACAAGACCATCCA,20
UQID_036_1125,Chmp2b,AATACAAGTCAATGACACCC,20
UQID_036_1126,Chmp2b,AGAGCTGCGTGGCACCCAGA,20
UQID_036_1127,Chmp2b,GGTAAGCTTCTTGCAGCCGA,20
UQID_036_1128,Chmp2b,GAGAGCTGCGTGGCACCCAG,20
UQID_036_1129,Rnd3,TGGGCTGCAAGTCTGATCTG,20
UQID_036_1130,Rnd3,GCTGCTCCACGTCTTCGCCA,20
UQID_036_1131,Rnd3,GGCGAAGACGTGGAGCAGCG,20
UQID_036_1132,Rnd3,TTAAGCGGAACAAATCGCAG,20
UQID_036_1133,Tor3a,TAAGGCTGGATGGTCCAGGG,20
UQID_036_1134,Tor3a,TGAGCACATCCAGCGACCGC,20
UQID_036_1135,Tor3a,GAAGCGGAGAAGCTGCACCC,20
UQID_036_1136,Tor3a,CTTACCCAGAGGCGGCACGG,20
UQID_036_1137,Chid1,GCTGTCAAGAAGCATGCCAA,20
UQID_036_1138,Chid1,GATAAACCTGTCCAAGATCG,20
UQID_036_1139,Chid1,AGAAGAGCTCAGCAAGACTG,20
UQID_036_1140,Chid1,TTTGGCATCTGACTTTGACA,20
UQID_036_1141,Fuk,GACGGGAGCAGATTCCTGCG,20
UQID_036_1142,Fuk,GCATACCAAGGCCTCCACAG,20
UQID_036_1143,Fuk,TGAGGATCCAGGCAGAGTGC,20
UQID_036_1144,Fuk,AGTGTCCAGGTCTTTCAGAG,20
UQID_036_1145,Chml,AGTAGCAGATGCCTCTAGGG,20
UQID_036_1146,Chml,TGAGCTTCGGCTCACTCCTG,20
UQID_036_1147,Chml,GAAGTGGTTCCTGGCTCCAG,20
UQID_036_1148,Chml,TGAGCATGCAGTCAAGCAGG,20
UQID_036_1149,Zfp518a,GAGTACCAGAGTGGACACGA,20
UQID_036_1150,Zfp518a,AACATTCTCAGTCTTCACCG,20
UQID_036_1151,Zfp518a,AAGGCAACGGTGCTATCCAC,20
UQID_036_1152,Zfp518a,AGAGTGTAGATTCTTTACCC,20
UQID_036_1153,Psmc3ip,GTACCTCAGGATGATCCCGG,20
UQID_036_1154,Psmc3ip,CTAGGCGGTAGTGAAGGCGC,20
UQID_036_1155,Psmc3ip,AGAAGTACTGTAAAGAGTGG,20
UQID_036_1156,Psmc3ip,TATCGTGGCCCTCACTGCCA,20
UQID_036_1157,Tollip,TATGCGGTCATCCATGGAGA,20
UQID_036_1158,Tollip,AGGCTGAGGAGGCATCATCA,20
UQID_036_1159,Tollip,CCACCGTCAGCACGCAGCGC,20
UQID_036_1160,Tollip,GTAGAACGAGTCCACACCTG,20
UQID_036_1161,Csrp1,TGGACAGGGAGCTGGAGCCT,20
UQID_036_1162,Csrp1,TCGGAAGCAGGACTTATGCC,20
UQID_036_1163,Csrp1,GCTGAGGAGGTCCAGTGCGA,20
UQID_036_1164,Csrp1,GAATCTGGACAGCACCACCG,20
UQID_036_1165,Usp3,TGTGGTCAACGACACCAAGC,20
UQID_036_1166,Usp3,AACAAGTCAAACAGACCCAG,20
UQID_036_1167,Usp3,AAGTGTTGCCCAAATTTCGA,20
UQID_036_1168,Usp3,GCTGAGGTGCGGACACTCCA,20
UQID_036_1169,Gmfb,TGACAAGGATGAACGCCTGG,20
UQID_036_1170,Gmfb,ACAGAGATTAACTTACCGAC,20
UQID_036_1171,Gmfb,CCAGACTGCCGAGCTAACCA,20
UQID_036_1172,Gmfb,TTAAAGACGAACTACCCGAG,20
UQID_036_1173,Aldh9a1,GAAGGATGAAATTGCCACCG,20
UQID_036_1174,Aldh9a1,GCACAGAACCGACTGCACCG,20
UQID_036_1175,Aldh9a1,TTCACCGGAAGTGTGCCCAC,20
UQID_036_1176,Aldh9a1,GCGCTGCCAAGTCCTCCTAG,20
UQID_036_1177,Mettl6,CAAGTTCCGGAAGCCTCCGA,20
UQID_036_1178,Mettl6,TTGCTTGCAGTCCTTTCCTT,20
UQID_036_1179,Mettl6,AAGGGCAGTTGACTACGTGA,20
UQID_036_1180,Mettl6,CTACAATGGCTTCTTTCCAA,20
UQID_036_1181,Eif2d,TGAAGCCAGCATCTGAGCTG,20
UQID_036_1182,Eif2d,AACAGATTTGATGCTGCCAG,20
UQID_036_1183,Eif2d,TCCAGCAGACATGTTCGCTA,20
UQID_036_1184,Eif2d,TTGGTACAGTGTACACACTG,20
UQID_036_1185,Scarb1,GAGGCTGCGGTTCTCCACGA,20
UQID_036_1186,Scarb1,GGACATGGGCGGCAGCTCCA,20
UQID_036_1187,Scarb1,GATCTCCTTCCACATCCCGA,20
UQID_036_1188,Scarb1,GATGAACAACTCGAATTCTG,20
UQID_036_1189,Gtf2ird1,AGAGGCTGCTCAGGGAGCCG,20
UQID_036_1190,Gtf2ird1,GCTCTCCAAGCTGAACACGG,20
UQID_036_1191,Gtf2ird1,GATCCGGGAACTCAAGCAGG,20
UQID_036_1192,Gtf2ird1,GTGCAGCGCTGTGAAGGCGG,20
UQID_036_1193,Tk2,ATTGAGGGCAATATTGCAAG,20
UQID_036_1194,Tk2,TGAGACCTGTGACATACCTG,20
UQID_036_1195,Tk2,GGGAGCCTCGATTCGGGCGC,20
UQID_036_1196,Tk2,AGAGACAAACTACTCACCAG,20
UQID_036_1197,Ptpn4,AGCAAGACATTCTTACTGGA,20
UQID_036_1198,Ptpn4,GAAGTCCAGTCAGTTCAATA,20
UQID_036_1199,Ptpn4,TCTTCCAGAAACATGATCAG,20
UQID_036_1200,Ptpn4,GTGGAAGTGGTCTATCCAGG,20
UQID_036_1201,Gtpbp1,GTGAACAAACCCGACAGCCA,20
UQID_036_1202,Gtpbp1,TAAGTTCTTAAAGATGGCGG,20
UQID_036_1203,Gtpbp1,TTGGTGACAACCACAAACAC,20
UQID_036_1204,Gtpbp1,GGAGAGACCATATATGTCAT,20
UQID_036_1205,Wipf2,CAAAGCCCAAGCCTACAACA,20
UQID_036_1206,Wipf2,AAAGGAGGTCTCTTTCAAGG,20
UQID_036_1207,Wipf2,AACTCAGTAGAGATGAGCAG,20
UQID_036_1208,Wipf2,ACCTGATTAAATGTGGGAGG,20
UQID_036_1209,Rnd2,ACTGGACAGTGTCCTCAAGA,20
UQID_036_1210,Rnd2,CCACCACTACGATCTTGCAG,20
UQID_036_1211,Rnd2,TGGCCGCTGCAAGATCGTAG,20
UQID_036_1212,Rnd2,ACAGCCAACCAGCACCACCT,20
UQID_036_1213,Pik3c2a,AGTCATCATGTACCCAGCAA,20
UQID_036_1214,Pik3c2a,GAAGGCCCGCATAATCCAGG,20
UQID_036_1215,Pik3c2a,TTCAATGGAGACCTTCACAC,20
UQID_036_1216,Pik3c2a,TGTAGAAGAGAACTTCCAGT,20
UQID_036_1217,Mon1b,GCACGAACACGTGCTTCCGC,20
UQID_036_1218,Mon1b,GATGTGCAGATGGAGGCCGG,20
UQID_036_1219,Mon1b,TAGTGACGAAGCTCTTGCGC,20
UQID_036_1220,Mon1b,TGTGGAGGCGAGCATGCAGG,20
UQID_036_1221,Zdhhc21,AAGTGGTAGGGAACTCGCAG,20
UQID_036_1222,Zdhhc21,AGTTAAGGAGGCCCTCACTA,20
UQID_036_1223,Zdhhc21,GCTGCGGCCACTGCGTCAGG,20
UQID_036_1224,Zdhhc21,ACAACTGCAGAAAGAGCCAA,20
UQID_036_1225,Dgke,TTCCAGCCGAATCCTTAACA,20
UQID_036_1226,Dgke,TAATGATCTGTCCAATACCC,20
UQID_036_1227,Dgke,TCTTGCGGAAGATATCCCTG,20
UQID_036_1228,Dgke,AGTGGAACTAACATGGGAGA,20
UQID_036_1229,Scp2,CGACCACGAACACCCGGCGC,20
UQID_036_1230,Scp2,ACAGATCCCTTACTCCGCAG,20
UQID_036_1231,Scp2,AGACTATCCTGATATGGCAA,20
UQID_036_1232,Scp2,CGGCCTGCAGTCCAAAGCGG,20
UQID_036_1233,Amn1,TTAGACTGACCTGTTATCAG,20
UQID_036_1234,Amn1,GAGCTGTGATATCTCAGATG,20
UQID_036_1235,Amn1,CAGGAGCTGACTGACTACTC,20
UQID_036_1236,Amn1,TGACTGACTACTCCGGACAA,20
UQID_036_1237,Itsn1,CCTTCAGCAGATCTGGTCCA,20
UQID_036_1238,Itsn1,CAGTTTCCCACACCTTTCGG,20
UQID_036_1239,Itsn1,GGATGCGCAAACGCAGGCAG,20
UQID_036_1240,Itsn1,TGTCATGAAACAGCAACCAG,20
UQID_036_1241,Piezo1,GTAGGCATATCTGAAAGGCA,20
UQID_036_1242,Piezo1,GCTGCCCTGCACGCTCCTGG,20
UQID_036_1243,Piezo1,ACAGAGGCCAAGGCAAAGGG,20
UQID_036_1244,Piezo1,AGCATTGAAGCGTAACAGGG,20
UQID_036_1245,Dirc2,GCCAGCGGCTGAGTTACCGG,20
UQID_036_1246,Dirc2,CAGCCAGCAAACACACCAAG,20
UQID_036_1247,Dirc2,TTGTTGGGATAGCTATGGCA,20
UQID_036_1248,Dirc2,GAAACGCACACGCTCCACCG,20
UQID_036_1249,Fbxo33,AATGAGGTTGTGCGCCCACA,20
UQID_036_1250,Fbxo33,GCTGCGGGTTGAGTTCGCCG,20
UQID_036_1251,Fbxo33,GCGGAGAATTATCTGAGCGG,20
UQID_036_1252,Fbxo33,AAACCATTAGATAGACCCGA,20
UQID_036_1253,Skil,GATGGCAATTCCATTCCCGA,20
UQID_036_1254,Skil,TAAGTGCTCCTTCTTCACCT,20
UQID_036_1255,Skil,CCAGTCTAAAGAGGCCACCA,20
UQID_036_1256,Skil,AGAGATGGTGAAGACGACAA,20
UQID_036_1257,Zfp266,ACAAGAAGAGTCCGAGGTGG,20
UQID_036_1258,Zfp266,TCAGAAGAATCTATACCGAG,20
UQID_036_1259,Zfp266,GCAGCCATTGATTTGTCCCA,20
UQID_036_1260,Zfp266,AAACATAGAGGTAGACGGGA,20
UQID_036_1261,Prmt3,GAACCTGTCACAGAACAGGC,20
UQID_036_1262,Prmt3,GTTGAAGCACATGGAAGCGC,20
UQID_036_1263,Prmt3,CAGGTTGTTCGCCTCTGCTG,20
UQID_036_1264,Prmt3,CCATATATAACCCTGTGCCT,20
UQID_036_1265,Foxj3,GGCAATAGACACCAATCCGA,20
UQID_036_1266,Foxj3,AATTAACAGACGCCAAACTC,20
UQID_036_1267,Foxj3,GCTGAGAGACTGGTTCTGGA,20
UQID_036_1268,Foxj3,GAAGTCCAACAGCACAAAGA,20
UQID_036_1269,Ctif,GAAGGAATCAAAGGTATTGG,20
UQID_036_1270,Ctif,GGTAGCTGTTCCTTCTCCAG,20
UQID_036_1271,Ctif,GCTGCTGACCGACAAGACAG,20
UQID_036_1272,Ctif,GTGTGTGGCGGACCTTCCGA,20
UQID_036_1273,Stxbp4,TAGGATGGACGTTTGAAGCC,20
UQID_036_1274,Stxbp4,ACTTCGTGAATATACACCAG,20
UQID_036_1275,Stxbp4,TCTGCCTTAAGGCGAACAGA,20
UQID_036_1276,Stxbp4,TGTGTCGAAAGCATGAGTGA,20
UQID_036_1277,Sbno2,GGAGCCGAGAATGGCCCACT,20
UQID_036_1278,Sbno2,AGCTGGATGCCACCTCCAGG,20
UQID_036_1279,Sbno2,AGAAGACAGAGGCATTGGAG,20
UQID_036_1280,Sbno2,ACGAGGGTGGCCATTACCTG,20
UQID_036_1281,Gpsm1,GGAGCGGCTGTGCAAGGCGG,20
UQID_036_1282,Gpsm1,CCTACTGGGAAACTTCACGG,20
UQID_036_1283,Gpsm1,TGGAAATGTGTACCACGCCA,20
UQID_036_1284,Gpsm1,ACGACACTTGGACATTGCCC,20
UQID_036_1285,Tnfaip8,GGTGTCGTCGATCAGCGTGG,20
UQID_036_1286,Tnfaip8,GTACACCCAGAACAAGAAGG,20
UQID_036_1287,Tnfaip8,CACTTACAGAAACTTTGCGA,20
UQID_036_1288,Tnfaip8,CGAAGGTGTACTCTACCTGG,20
UQID_036_1289,Fbxo25,GGAGGCCTTTGATCAGGCGA,20
UQID_036_1290,Fbxo25,GGTTGGTGTTACCTGGCCCA,20
UQID_036_1291,Fbxo25,TTTAATCCAGCTCCATCCAG,20
UQID_036_1292,Fbxo25,CCGGTTGAAGGCTTCTCCCA,20
UQID_036_1293,Mknk2,GAGATGCTGTACCAGTGCCA,20
UQID_036_1294,Mknk2,ACTGATTGAGTTCTTTGAGG,20
UQID_036_1295,Mknk2,GCTGCAGGAGGATGTGCTGG,20
UQID_036_1296,Mknk2,CATCTGGGATGTCAATGGGC,20
UQID_036_1297,Znrf1,TTACCATTGTAGGACAGGCG,20
UQID_036_1298,Znrf1,AATGGTTACCAAGAGACCGG,20
UQID_036_1299,Znrf1,TGAGTGTGTGATCTGCCTGG,20
UQID_036_1300,Znrf1,AAACCATGAGTCTATGCAGC,20
UQID_036_1301,Insr,GATTTGGCAGACCTTAGGGC,20
UQID_036_1302,Insr,ATACCAGAGCATAGGAGCGG,20
UQID_036_1303,Insr,ACAGCCGGCCACCTGTACCC,20
UQID_036_1304,Insr,GTTGCGACAGGCCACACACT,20
UQID_036_1305,Tinagl1,AGGATGGGCGGATTGTGCCC,20
UQID_036_1306,Tinagl1,TTACAGACGGTGCTGGGCCA,20
UQID_036_1307,Tinagl1,ACTGGGACAACTGCAATCGA,20
UQID_036_1308,Tinagl1,GAAGAGGTCACAGTAACAGG,20
UQID_036_1309,Otud7b,TCAGCACCAAGTCTCTATCA,20
UQID_036_1310,Otud7b,CAGGACAGCATCCATGTCCA,20
UQID_036_1311,Otud7b,GTACTCCCTCCACTAAAGGG,20
UQID_036_1312,Otud7b,GCACAGATGGGCATTTCCAG,20
UQID_036_1313,Stxbp5,GTGTAGGGTGTCATCAGCCA,20
UQID_036_1314,Stxbp5,GTGCTGGACGGCCTGACCGC,20
UQID_036_1315,Stxbp5,GCATATAAGTGACAATCCCA,20
UQID_036_1316,Stxbp5,TCTGAACGGGATCAAAGGCC,20
UQID_036_1317,Ubn2,GAAAGCCCGTAAACACCGGA,20
UQID_036_1318,Ubn2,TTACTGATGAGCATAAGGAG,20
UQID_036_1319,Ubn2,TTAGGCAGAGAGGAAGATGA,20
UQID_036_1320,Ubn2,ACGGCTGCGGCTCCAGTCGG,20
UQID_036_1321,Csgalnact2,GGTTGGCATAGACAATGGCA,20
UQID_036_1322,Csgalnact2,GATAGAGCTGAAGTTAGCGT,20
UQID_036_1323,Csgalnact2,TCATTGTGCCACTTGCGGAG,20
UQID_036_1324,Csgalnact2,AGAGTGGGAGGCCTCATTCA,20
UQID_036_1325,Snx7,GCTGGATCTGGACGAGGACG,20
UQID_036_1326,Snx7,GACGTTATCAAGATTTCCTG,20
UQID_036_1327,Snx7,CACTTACAGGATCGTAACCA,20
UQID_036_1328,Snx7,ACTTGTGCAGCGCCTTCCTG,20
UQID_036_1329,Ssh1,TGATTCTGTCTTCACAACGC,20
UQID_036_1330,Ssh1,ATGGTCGTGGTATACACCAG,20
UQID_036_1331,Ssh1,AGAGCGCTGAAGGGTCACCA,20
UQID_036_1332,Ssh1,ACGCCAAGTGGACTTACCTG,20
UQID_036_1333,Bbip1,ATTAATAGGGCAGTTGTCTG,20
UQID_036_1334,Bbip1,TGTGGAAGATGTAACCACAA,20
UQID_036_1335,Bbip1,GGGTTTACACAGCACCATTG,20
UQID_036_1336,Bbip1,TACAGTCCGTCAACAAGAAA,20
UQID_036_1337,Hspa4l,AGTGACTTGCTCAATTGCAA,20
UQID_036_1338,Hspa4l,GATCCTCTCCGTTTGCACAA,20
UQID_036_1339,Hspa4l,GACAGTTTAGGCCTGCAACC,20
UQID_036_1340,Hspa4l,GGATCCAGAACTCGAGCCAT,20
UQID_036_1341,2310035C23Rik,GATCTTGTGGATGTGGCCAG,20
UQID_036_1342,2310035C23Rik,GTTTGAACTACGGAAAGCCA,20
UQID_036_1343,2310035C23Rik,AGAGGCCAGATGATGAGCAA,20
UQID_036_1344,2310035C23Rik,AACAGAATCACCAACTGCTG,20
UQID_036_1345,Ifrd1,GAAACAATGAGCCACTGCAG,20
UQID_036_1346,Ifrd1,GCTTACAGTGATATCATCTG,20
UQID_036_1347,Ifrd1,AGGGCCAGAAGTTCTTGATG,20
UQID_036_1348,Ifrd1,ACATCAGCTCGCTTCTCGCG,20
UQID_036_1349,Spin1,CAGCCTACGATGTTCCGCCG,20
UQID_036_1350,Spin1,TCAGCTCTGGACCGTTGGCC,20
UQID_036_1351,Spin1,ACGGCTCTAAAGATGAGTGG,20
UQID_036_1352,Spin1,TCGGGAAGACACCTGGCCAA,20
UQID_036_1353,Phospho2,AAATGATGTTGCCATGCCAC,20
UQID_036_1354,Phospho2,TGTAAAGTATATCCTTCCCG,20
UQID_036_1355,Phospho2,GATGTTGCCATGCCACGGGA,20
UQID_036_1356,Phospho2,TAGACGACAACAGTGACACC,20
UQID_036_1357,Akap1,AAGGAAGGCAGTGCCAGCGA,20
UQID_036_1358,Akap1,GTAGCACTTACTTTCCACTG,20
UQID_036_1359,Akap1,GATGCCACTAACCTTCTATG,20
UQID_036_1360,Akap1,GAGGTCACTGCCCTTACCTT,20
UQID_036_1361,Bbs2,GGGCAAATGCCATTGTGCTG,20
UQID_036_1362,Bbs2,TGTGTGAACTGATAACCGGG,20
UQID_036_1363,Bbs2,GTCAAAGTCACACAGAGCCA,20
UQID_036_1364,Bbs2,AGAGAGACATCAGACTCCAG,20
UQID_036_1365,Arhgap31,ATCGAAGCCACTATTTGCAA,20
UQID_036_1366,Arhgap31,GCATCACCTCAAACATCCAG,20
UQID_036_1367,Arhgap31,CAAGCAGAAGCTGAAACGAA,20
UQID_036_1368,Arhgap31,TGCACAAGGAGCCCACACAG,20
UQID_036_1369,Endov,GGGCCACAGAATAAGCCTGG,20
UQID_036_1370,Endov,CAGGAAAGGGACCTCTCGGA,20
UQID_036_1371,Endov,GCTCTGTAAGGACACCAAGG,20
UQID_036_1372,Endov,ATTGTGCTCCTGCAGGCCGG,20
UQID_036_1373,Fam168b,CGTCATTCACCACACCACGG,20
UQID_036_1374,Fam168b,GGAAGGTAGGATTCGCTCCA,20
UQID_036_1375,Fam168b,TTGCAGGGCAATCACCACTG,20
UQID_036_1376,Fam168b,TAGGGAACGCCAGAAGACCC,20
UQID_036_1377,4833439L19Rik,ATGGTGTGAGGATTCGGAGC,20
UQID_036_1378,4833439L19Rik,ACTGACCTGGACTTCTGCTT,20
UQID_036_1379,4833439L19Rik,TGAACAGACAGAGGAGGGCG,20
UQID_036_1380,4833439L19Rik,TTCTTAGCTCTTGCTCCCAG,20
UQID_036_1381,Armc9,GAGAATGGACCTAATAGCAA,20
UQID_036_1382,Armc9,GACCATCGGATTGGGCACGA,20
UQID_036_1383,Armc9,TTGGTGGCAGCGTTTGACAG,20
UQID_036_1384,Armc9,TGTCGGTGGGCCATTAAAGA,20
UQID_036_1385,D630045J12Rik,GGCTCCGCGAGGCTTACCTG,20
UQID_036_1386,D630045J12Rik,ATCAATAGCAAACTTGTGCG,20
UQID_036_1387,D630045J12Rik,AATCCACTTCAACCGTGCGG,20
UQID_036_1388,D630045J12Rik,GAAAGCGCTAGACTGTGCTG,20
UQID_036_1389,Arel1,GATGTGAACCCGCAGTCCCA,20
UQID_036_1390,Arel1,GCAGGCATGGAAGCAACCTC,20
UQID_036_1391,Arel1,AATGAAGACCGTGAGCGCCG,20
UQID_036_1392,Arel1,CTACAGCTTAGCCATTCACG,20
UQID_036_1393,Pptc7,ATCATCCTGACAGCAACAGA,20
UQID_036_1394,Pptc7,AGGGTGGAGAGACTATGGAG,20
UQID_036_1395,Pptc7,GGTTCGCTGTGTGCAAGCGG,20
UQID_036_1396,Pptc7,ACTCAGCCACTATTGAGAGG,20
UQID_036_1397,Cdc14b,ATAACACCCGACAAGGAAGG,20
UQID_036_1398,Cdc14b,AATTTCAGAGATGCTGCCTA,20
UQID_036_1399,Cdc14b,CAGAAGGCAAGAAATCGCTC,20
UQID_036_1400,Cdc14b,TGGACCACTCAATCTGGCCA,20
UQID_036_1401,Acot8,CACACTCGTACAGCATCCAG,20
UQID_036_1402,Acot8,AATTATGGGCCAGGCCCTGG,20
UQID_036_1403,Acot8,GCTGGGCTGCATCTGCTGGA,20
UQID_036_1404,Acot8,TCGTGACCAGCACACTACGG,20
UQID_036_1405,Tacc2,ACCTGGCCAAGAACGAACCC,20
UQID_036_1406,Tacc2,ATGGTGGGACGAGTCAGCTA,20
UQID_036_1407,Tacc2,AGAGATTGACTCTTCCCAGG,20
UQID_036_1408,Tacc2,GGGCAACGAGAACAGCACCT,20
UQID_036_1409,Mettl9,AGTGTCTTGGAGCCCACCCA,20
UQID_036_1410,Mettl9,GCAAGTGAATAGCCTGCCTG,20
UQID_036_1411,Mettl9,ATGCCAGGATGACCCTGCCT,20
UQID_036_1412,Mettl9,GTTCAGAGTTATCTTGACCA,20
UQID_036_1413,Ttll12,GCTGAGGTCCAGCATGTCGG,20
UQID_036_1414,Ttll12,GAGGAAGCAGCCCAACCCTG,20
UQID_036_1415,Ttll12,TAGGGCCACAACCTCTGGGC,20
UQID_036_1416,Ttll12,TAGTCGCTCTGGGACTCCCG,20
UQID_036_1417,Zbtb33,AGTGAAGAACTGGCACTCGG,20
UQID_036_1418,Zbtb33,GATACAGCTACTGAAATCGA,20
UQID_036_1419,Zbtb33,GCAACTCTAAGCCAAACACA,20
UQID_036_1420,Zbtb33,GTAGATGTGGTCCCTACTGG,20
UQID_036_1421,Aaed1,AGTGAAACATGTCTTACCAG,20
UQID_036_1422,Aaed1,GTTCCGAGAGCGGCGAGCCG,20
UQID_036_1423,Aaed1,CACTCGGGAAACTTACTCGG,20
UQID_036_1424,Aaed1,CAAGGAGACCCAGCTCAGCA,20
UQID_036_1425,Fkbp9,AAACCTATGACACGTACGTG,20
UQID_036_1426,Fkbp9,AGGCCAGCTGATCGCAGGGA,20
UQID_036_1427,Fkbp9,ATAGTCCGAGGGCAACTGGG,20
UQID_036_1428,Fkbp9,AGACTAAGGATGCCTGCCCA,20
UQID_036_1429,Pck2,TTGGCCACGTGCCAGACCAG,20
UQID_036_1430,Pck2,TATGGCAGTGTTCTCAGCCT,20
UQID_036_1431,Pck2,GGGTCACTCACCGCAGGCCG,20
UQID_036_1432,Pck2,TATGTGCTTCCATTCAGCAT,20
UQID_036_1433,Tbc1d8b,GTAGAGGATCATCAAGGACT,20
UQID_036_1434,Tbc1d8b,AGGCTTTGAATTGCTCACTG,20
UQID_036_1435,Tbc1d8b,AAATGGAGCTACTTTAGCAG,20
UQID_036_1436,Tbc1d8b,GATAGAGCCAGCCCTGACAA,20
UQID_036_1437,Terf2ip,TCGACGCTCATCCTGCACGG,20
UQID_036_1438,Terf2ip,TGGTGATCCACCCACACCCG,20
UQID_036_1439,Terf2ip,AGAGATCAAGGAGAATGGAG,20
UQID_036_1440,Terf2ip,GAGAGCGCCAGACTTGCCTG,20
UQID_036_1441,Soat1,TGAGAGCACCTCCAGAACAA,20
UQID_036_1442,Soat1,GCTGTTGGCAGCAGAGGCGG,20
UQID_036_1443,Soat1,AGACTAAGAAGAGCAAGCCA,20
UQID_036_1444,Soat1,AGTCCACGACGATCGTGCTG,20
UQID_036_1445,Zdhhc7,GAAGAGGACTCCGTTCACCA,20
UQID_036_1446,Zdhhc7,GAAGAGCGAGAAGCCCACGT,20
UQID_036_1447,Zdhhc7,AACAGGATTACAGTTATGGG,20
UQID_036_1448,Zdhhc7,GATGGACCATCACTGCCCGT,20
UQID_036_1449,Ctns,TCACCAAGAACCGGATCCTG,20
UQID_036_1450,Ctns,AAGCAGCCAATTCCTCCTCA,20
UQID_036_1451,Ctns,GCATCCACTAAATTCGACCT,20
UQID_036_1452,Ctns,ACCAACGTCGACATCACCCT,20
UQID_036_1453,Samd8,GCAATGTGATTCCATCAAGG,20
UQID_036_1454,Samd8,TCCTAGATACACCAAGAAGC,20
UQID_036_1455,Samd8,ACAGGTCAATCCTTCTGCGA,20
UQID_036_1456,Samd8,GCAGTGTTCCTAGGATCCCG,20
UQID_036_1457,Pde4dip,TGTCCTGGAGTTCTGCCAGG,20
UQID_036_1458,Pde4dip,AGCATCCAGAGACTCCACGG,20
UQID_036_1459,Pde4dip,TACGACAATCCAGAGCCTCA,20
UQID_036_1460,Pde4dip,AAAGAACGCCAGCTGGCGGA,20
UQID_036_1461,Stx6,GCCGGGCGCCATGTCCATGG,20
UQID_036_1462,Stx6,GCTGGAGTGGCAGATCGCTA,20
UQID_036_1463,Stx6,AAAGTGTCTCACATGACCAG,20
UQID_036_1464,Stx6,AAAGCAGTCAACACTGCCCA,20
UQID_036_1465,Adpgk,GCTCGCTCTGGAGCTCCCTG,20
UQID_036_1466,Adpgk,GAAGATGAAGCGGTTGGCAT,20
UQID_036_1467,Adpgk,ACTGAAGAAGCGCTCAGCAG,20
UQID_036_1468,Adpgk,ATTGAACCCAGATAAGCCAG,20
UQID_036_1469,Fam134c,AGTGCCGAGACCTGACGCCT,20
UQID_036_1470,Fam134c,AAGTAGGACAGCAGGAGCCC,20
UQID_036_1471,Fam134c,AGGAGCCGGACATAGCTCGG,20
UQID_036_1472,Fam134c,CGGGCACGCTGAGCAACCGA,20
UQID_036_1473,Chpf2,AGGGATCTTCTCCCTCACCC,20
UQID_036_1474,Chpf2,GAATAGGGACCCTGAGAAGG,20
UQID_036_1475,Chpf2,TGACCGGCAGGCTTCAGCAG,20
UQID_036_1476,Chpf2,GGATCCAGGAAACCCGCAGG,20
UQID_036_1477,Rnf41,GCTGCTGGACCACGGAGCGC,20
UQID_036_1478,Rnf41,ATGATGTGACCCGTTTCCAG,20
UQID_036_1479,Rnf41,TATGATGTGACCCGTTTCCA,20
UQID_036_1480,Rnf41,GCAACGCCTGCATCACCCAA,20
UQID_036_1481,Dcakd,GTGGACGTCATTGCGCGGCA,20
UQID_036_1482,Dcakd,GAATGGCGACATCGACCGCA,20
UQID_036_1483,Dcakd,GCGGAACAACCTGAACCGGG,20
UQID_036_1484,Dcakd,GATGACGGAGCTCTTGCCTG,20
UQID_036_1485,Tead4,AGGCAAACCATACTCACTCG,20
UQID_036_1486,Tead4,TTGCTGGGTAGCCAGGGCCC,20
UQID_036_1487,Tead4,GGAGATCCAGGCCAAACTCA,20
UQID_036_1488,Tead4,GGACAGGGAAGACGCGCACA,20
UQID_036_1489,Rhou,TACCGCCTCGCCGAGAGCGC,20
UQID_036_1490,Rhou,GGCCGTAGGGATGTACTCGG,20
UQID_036_1491,Rhou,GGTGTAGCTGACCACCAGGC,20
UQID_036_1492,Rhou,CAGGTCCCGCACCTTATCCG,20
UQID_036_1493,Gabarap,CAAAGCTCGGATAGGAGACC,20
UQID_036_1494,Gabarap,CAGGTCTCCTATCCGAGCTT,20
UQID_036_1495,Gabarap,TCCACCCACCAGTGCCACGA,20
UQID_036_1496,Gabarap,GTTCGAGAAGCGCCGCTCTG,20
UQID_036_1497,Parva,GGACGGAGGCGACTTGGGAG,20
UQID_036_1498,Parva,GGGAGAAAGAATCATCGTGA,20
UQID_036_1499,Parva,GGAGAATGAGGTCCGGACAA,20
UQID_036_1500,Parva,TTCAGTATCCGAGTTCCAGG,20
UQID_036_1501,Wdfy3,GATGTCAGTGCCTTCCACCC,20
UQID_036_1502,Wdfy3,CTGTGCACTCACCTGACCAG,20
UQID_036_1503,Wdfy3,GCCATGGAGGAAGAGCGCGG,20
UQID_036_1504,Wdfy3,GCTCGGTGAAGAGCCGGCGG,20
UQID_036_1505,Fpgt,TCTGCGCAGTTTCCGCAGGG,20
UQID_036_1506,Fpgt,TACAGCGCTTAACATCCCAA,20
UQID_036_1507,Fpgt,ATAGGCAAACCCGTGGCAGC,20
UQID_036_1508,Fpgt,AATTCCATTTGTCTCCACAG,20
UQID_036_1509,Zbtb6,GAGCTCTCTGCAGTAGATGG,20
UQID_036_1510,Zbtb6,ACTGCTCCTGCCATGAACAG,20
UQID_036_1511,Zbtb6,TTAACGATACTGAGTTCCAG,20
UQID_036_1512,Zbtb6,GACCACTTGAACATACACAG,20
UQID_036_1513,Tnrc6c,AAGCGTGGAGGCACCTCCCG,20
UQID_036_1514,Tnrc6c,GGTGCGGATGAAATGAACCT,20
UQID_036_1515,Tnrc6c,GATCAAACAACTCACAGACA,20
UQID_036_1516,Tnrc6c,ACAATGGCACAGCAGCGTGG,20
UQID_036_1517,Trp53bp2,ATACCAATGTCCCTGTTAGG,20
UQID_036_1518,Trp53bp2,AGTGCTGCTCACTGTTACTG,20
UQID_036_1519,Trp53bp2,AAGTTCCCGGCGAGCATCGG,20
UQID_036_1520,Trp53bp2,TCGCCAGCAGCAGCAGATCG,20
UQID_036_1521,Sestd1,ATTGCAGCACTCTTAAACGC,20
UQID_036_1522,Sestd1,ACAGAATGTTGTTCCAGCCG,20
UQID_036_1523,Sestd1,GTAACGCGTCAACTTATTGG,20
UQID_036_1524,Sestd1,CAGAATGGGCAATATCACCG,20
UQID_036_1525,Rhobtb3,GTTCGGGAACGTCAAGCTGG,20
UQID_036_1526,Rhobtb3,ACCTCCCGAAACCTAATTGG,20
UQID_036_1527,Rhobtb3,TGTAGAAATCATCAAGGCTG,20
UQID_036_1528,Rhobtb3,GCTGAGGAGGTCGAATCCCA,20
UQID_036_1529,Dok1,TCTGCATAAAGTCTGCACCC,20
UQID_036_1530,Dok1,AATCGCCTGGGCCATGGACG,20
UQID_036_1531,Dok1,CAGACATCTACCTTCCCAGG,20
UQID_036_1532,Dok1,GGTAACCTCGCAGAAGACCG,20
UQID_036_1533,Zfp120,GACGCTACAGTTCTCTTCAA,20
UQID_036_1534,Zfp120,TGTGTACCGCTCCTGGGTGC,20
UQID_036_1535,Zfp120,AAGAGAACTGTAGCGTCCAA,20
UQID_036_1536,Zfp120,AAGATGACTGTGCCGTCCAA,20
UQID_036_1537,Cdk17,CATAGAGGAGAGCAGTAGCA,20
UQID_036_1538,Cdk17,GCAGACATCAGGATACCTGA,20
UQID_036_1539,Cdk17,CGGCCTGCCATTCTTCACAA,20
UQID_036_1540,Cdk17,TATGGCAATATGCCAGACCA,20
UQID_036_1541,Dclre1a,AAGGCCAGTCTATTGCAGCG,20
UQID_036_1542,Dclre1a,GGACCAGTCATCCTCAGCAA,20
UQID_036_1543,Dclre1a,AAGCAACATAGAACTCGCAG,20
UQID_036_1544,Dclre1a,GCACACCGGAGACTTCCGAG,20
UQID_036_1545,Zfp866,ATTACACGAGCGCACACACA,20
UQID_036_1546,Zfp866,GAGTTCTTTCGTGCAACCGA,20
UQID_036_1547,Zfp866,GAGTTATCTCATGTAACCGA,20
UQID_036_1548,Zfp866,GTGTGCGCTCGTGTAATCGA,20
UQID_036_1549,Nt5c2,TGTGAACCGAAGTTTAGCCA,20
UQID_036_1550,Nt5c2,ACACACCAAGAGGTTTCCAT,20
UQID_036_1551,Nt5c2,GTGGAGAGATTAGTTTCCAT,20
UQID_036_1552,Nt5c2,TACGAGGCAGGCCAACAGGT,20
UQID_036_1553,Ttll1,ATTCTCGTCTTTCTCCGCCA,20
UQID_036_1554,Ttll1,TCTGCGAAAGCTTATTGATG,20
UQID_036_1555,Ttll1,AACGTGGCCATCCAGAAGCA,20
UQID_036_1556,Ttll1,ACACCAGGACATACAGACGA,20
UQID_036_1557,intergenic,CGGCTTGTTCAGGGGATGGC,20
UQID_036_1558,intergenic,CACAGACACAACGGAATAAA,20
UQID_036_1559,intergenic,TGTGTTAAGGCAGAGTTATC,20
UQID_036_1560,intergenic,AGATAGTGCTACAAAAGCTC,20
UQID_036_1561,intergenic,TGAGAGTATCAAAATATACG,20
UQID_036_1562,intergenic,GATCCCATCCCTGCAAATGA,20
UQID_036_1563,intergenic,CCCCACCAATTCCCACATGC,20
UQID_036_1564,intergenic,ATGATCAGCAACTCATAGAG,20
UQID_036_1565,intergenic,CCCGATTATACAACTACCCG,20
UQID_036_1566,intergenic,TCCAGCCTTACCCTCTCTGA,20
UQID_036_1567,intergenic,GAACTGAAATGCACGTTATC,20
UQID_036_1568,intergenic,TTGCTTTGCAGAGAGGGAAC,20
UQID_036_1569,intergenic,CCACATTTAGGCCTATAAGC,20
UQID_036_1570,intergenic,ACTAATTGGTCTTCCTGTAG,20
UQID_036_1571,intergenic,TTGTACTGCCTACTGATTTC,20
UQID_036_1572,intergenic,CAGGACATACGTCCCCGAAC,20
UQID_036_1573,intergenic,CATGACTTGGGACACGTTCC,20
UQID_036_1574,intergenic,GCGGCAAGGTCCTCTAAGTG,20
UQID_036_1575,intergenic,TCAATGCAACACACCAGTTA,20
UQID_036_1576,intergenic,AAACAGATATCACCGTCAGA,20
UQID_036_1577,intergenic,CATACAAACTGTGGTTATGA,20
UQID_036_1578,intergenic,AGGCTAGATGCAGTGTAGGG,20
UQID_036_1579,intergenic,CAAACTAATCTGCACTCTTC,20
UQID_036_1580,intergenic,GCTTAAGGAATCTATTTAGG,20
UQID_036_1581,intergenic,CCACATTGTTACATGTATAC,20
UQID_036_1582,intergenic,GCACTCTTCACAATTGCTGA,20
UQID_036_1583,intergenic,ATAGATCCAGCTTTGAAAGG,20
UQID_036_1584,intergenic,TGCTCTCATGCTGATAACGG,20
UQID_036_1585,intergenic,AAATGGACAAGGCACAATAC,20
UQID_036_1586,intergenic,TTAGCATTATGGCCATTATC,20
UQID_036_1587,intergenic,CGAATCCTTACTTTCTATTA,20
UQID_036_1588,intergenic,TGACGAGCTGAACTCCAACA,20
UQID_036_1589,intergenic,CCATTATTTCTAAACCTACC,20
UQID_036_1590,intergenic,TGAAACAGCATTGTACACGC,20
UQID_036_1591,intergenic,ATTCAGTAACAGTTGCTGGA,20
UQID_036_1592,intergenic,TCCAGGACTCATAAGCGGAA,20
UQID_036_1593,intergenic,TTAGAATAAGCCATTACATC,20
UQID_036_1594,intergenic,TTATCTCCTGTGCCCTTATG,20
UQID_036_1595,intergenic,AGGTGGTGAGAATTAGCTCA,20
UQID_036_1596,intergenic,AATGGCAAGGATGTTCTGGA,20
UQID_036_1597,intergenic,TAACATACTAGTACGTTCAC,20
UQID_036_1598,intergenic,ATGCCTGCCATGAGCCACTA,20
UQID_036_1599,intergenic,TTAATGCCTCTCTACCCACC,20
UQID_036_1600,intergenic,AACTTGACTACATAAGACAG,20
UQID_036_1601,intergenic,ACCGTGCTATACAAAGTTGA,20
UQID_036_1602,intergenic,AAGACTCAGACAGCCTCTTG,20
UQID_036_1603,intergenic,AACGTGTTTCTTGTTTATGC,20
UQID_036_1604,intergenic,TTAACGCACAACTTGAGATA,20
UQID_036_1605,intergenic,CCTACCATGGTTATTCTGTG,20
UQID_036_1606,intergenic,TATGCTGAGTTTCTTGGGTA,20
UQID_036_1607,intergenic,GTTCGTTCACAAATAACTAG,20
UQID_036_1608,intergenic,CAAGCATATTGATGGGGAGA,20
UQID_036_1609,intergenic,GTGCTTCATGATAAGCCTGA,20
UQID_036_1610,intergenic,ACCAGTAGTCCAAACTACTA,20
UQID_036_1611,intergenic,TGTGAGCGTGTAAGCCATTC,20
UQID_036_1612,intergenic,TCATATCTGCGTCCTAGACG,20
UQID_036_1613,intergenic,GCCCCTTCCCCATGATCTGA,20
UQID_036_1614,intergenic,CAGCTCTAGAGCTGGAAATG,20
UQID_036_1615,intergenic,GAGATAGCAATGTGTCTAAC,20
UQID_036_1616,intergenic,TCTGTTGCTCATACGAAGGC,20
UQID_036_1617,intergenic,GAGGGGATGGCATATACGGA,20
UQID_036_1618,intergenic,TGAGGAGACCATCTACAAAC,20
UQID_036_1619,intergenic,TAGCATATCATCTTTCCAAA,20
UQID_036_1620,intergenic,TGAATATGGAGCAGAACCAC,20
UQID_036_1621,intergenic,TGAAACCCAGGCTCATTAGC,20
UQID_036_1622,intergenic,ATACCAACAATCCAAATCGC,20
UQID_036_1623,intergenic,CCGCAGTGTCCACCCTCCAG,20
UQID_036_1624,intergenic,TCTAAGAAGATGGCATGGGG,20
UQID_036_1625,intergenic,GTGCCCTAAGCATAAACCAC,20
UQID_036_1626,intergenic,TTCAGTCTCAAAGGTAAGCA,20
UQID_036_1627,intergenic,GTCTTACGGGATTTGATAGA,20
UQID_036_1628,intergenic,GGGCAAATCAGGCTCAAGAA,20
UQID_036_1629,intergenic,GCAGTCTAGCTCTGTATGAA,20
UQID_036_1630,intergenic,TGCACCCTCATTATACAAGC,20
UQID_036_1631,intergenic,TCACTGCCAGCCAGAAAGAC,20
UQID_036_1632,intergenic,TTCACATCGGTGAAATTGGG,20
UQID_036_1633,intergenic,AACATATGGGCACAACTAAG,20
UQID_036_1634,intergenic,TAGTATGTTGTACAAGCCCA,20
UQID_036_1635,intergenic,AAAGTCAGCATTTGGTTGAG,20
UQID_036_1636,intergenic,TCTGGCCCTGACTGGAGATC,20
UQID_036_1637,intergenic,ACGTCAGTGAGTTCCAGCAA,20
UQID_036_1638,intergenic,TGCAAAACTAAATGGAACGG,20
UQID_036_1639,intergenic,GCTATAGCCACCCAGCCTTG,20
UQID_036_1640,intergenic,GCCTTCTTCAGAGATCCCGG,20
UQID_036_1641,intergenic,TGTTATCAATCAGGGCTCGG,20
UQID_036_1642,intergenic,TCCTTAGAGGCTAGATGCCA,20
UQID_036_1643,intergenic,AGCAGCTGACTGAAATGTAA,20
UQID_036_1644,intergenic,CTTAAGCCAATCCAAAGCAC,20
UQID_036_1645,intergenic,AGAGTGTCTTATGGTGGGCC,20
UQID_036_1646,intergenic,CTGAACACTTAGGCTTAGGG,20
UQID_036_1647,intergenic,CTAGAACCACCTGGATTCCC,20
UQID_036_1648,intergenic,CTATTGCACATCTTGCCCAC,20
UQID_036_1649,intergenic,GTTCAATGGAGTGCCAACAC,20
UQID_036_1650,intergenic,GTGTTGGAGCAATATCAAGA,20
UQID_036_1651,intergenic,TAAGACAGCTCATGGGCACA,20
UQID_036_1652,intergenic,TCATCCATCATTCAATCTGA,20
UQID_036_1653,intergenic,CCATTAGTTGGGATTTAGGA,20
UQID_036_1654,intergenic,TGCCCCTTGGACACATGAGC,20
UQID_036_1655,intergenic,TGAAGGTGTATTCCATAAGA,20
UQID_036_1656,intergenic,CACGTGTTTCCCAACCCGTA,20
